frame_id,video_id,source_video,source_video_sha256,source_frame_index,target_seconds,actual_seconds,absolute_pts_seconds,timestamp_error_seconds,clockwise_rotation,width,height,relative_path,png_sha256,decoded_bgr_sha256,bytes,dhash64,brightness,focus_laplacian_variance,physical_tyre_id,original_group_id,mileage_proxy,label_status,split,review_status
phase2_video1_t0000000_f000000,video1,video1.mp4,89cfae138fdf74f9cf2c13fcd22ad6979afb89b00101280fee48f71264296cf5,0,0.0,0.0,0.0052,0.0,90,2160,3840,data/new_frames/video1/phase2_video1_t0000000_f000000.png,daaa8622e150c80da716bf37dc0773cf377aded47cf1baa322368be6160e776a,4657bb82005156c9c463f276940fc6e8e2d8d5752598e824fa43364f51e0ff4b,4865937,6540482140402106,122.6099853515625,429.76221469872524,,,,unlabelled,UNASSIGNED,pending
phase2_video1_t0000500_f000015,video1,video1.mp4,89cfae138fdf74f9cf2c13fcd22ad6979afb89b00101280fee48f71264296cf5,15,0.5,0.5,0.5052,0.0,90,2160,3840,data/new_frames/video1/phase2_video1_t0000500_f000015.png,65b07e53557df7a2fa53193371255d68d772c673d473a56cfdc5fb0649b31d9c,294bf5035b706dc6b0968f917bef367c286b7d100fb34222092eb23a2ee529f0,5573410,716044844440a10c,117.71375868055556,405.00694425606434,,,,unlabelled,UNASSIGNED,pending
phase2_video1_t0001000_f000030,video1,video1.mp4,89cfae138fdf74f9cf2c13fcd22ad6979afb89b00101280fee48f71264296cf5,30,1.0,1.0,1.0052,0.0,90,2160,3840,data/new_frames/video1/phase2_video1_t0001000_f000030.png,e081e44ac96dab1750f619eb2be9edac585a5dc878b13298e5a75c79c2bd49b3,393c7ab84ccc7754348a2d24e07a000569c0f6aedd6186104906bc26d5025a50,5382740,61454c145151251e,121.474853515625,548.9644930262899,,,,unlabelled,UNASSIGNED,pending
phase2_video1_t0001500_f000045,video1,video1.mp4,89cfae138fdf74f9cf2c13fcd22ad6979afb89b00101280fee48f71264296cf5,45,1.5,1.5,1.5052,0.0,90,2160,3840,data/new_frames/video1/phase2_video1_t0001500_f000045.png,efb9b525d1ea8302ecfef77f5ef13269008bd54a06796382c382a6eb9cdca049,cacd6f6fdcd8d76cd7a876daa93fde6bb822f141d21778dd13c3b6305a71b6ad,5070588,4151682060c9554a,117.87643771701389,458.5429483768013,,,,unlabelled,UNASSIGNED,pending
phase2_video1_t0002000_f000060,video1,video1.mp4,89cfae138fdf74f9cf2c13fcd22ad6979afb89b00101280fee48f71264296cf5,60,2.0,1.9999999999999998,2.0052,-2.220446049250313e-16,90,2160,3840,data/new_frames/video1/phase2_video1_t0002000_f000060.png,96c8139645dc25b8cd1b6597ee322e8059bf0d42c05fdc7ec3d44d2b60c36078,2da058ef4dfff033491d060ba79386c4225e2127a5f6b1c9124b1914d5e8439f,5402223,5054541c4444240c,111.07973904079861,239.71220348039526,,,,unlabelled,UNASSIGNED,pending
phase2_video1_t0002500_f000075,video1,video1.mp4,89cfae138fdf74f9cf2c13fcd22ad6979afb89b00101280fee48f71264296cf5,75,2.5,2.5,2.5052,0.0,90,2160,3840,data/new_frames/video1/phase2_video1_t0002500_f000075.png,c1ed72d14304e68c04b15e6059eeb569b4dc7b0a18e8541dba3c99ce94e73397,d5044f47104fb12d538ccf3f2c2a87929b0131cc3a23a5e174e717fe71cd3434,4814086,404448824a486a0a,118.18449571397569,179.60463051290975,,,,unlabelled,UNASSIGNED,pending
phase2_video1_t0003000_f000091,video1,video1.mp4,89cfae138fdf74f9cf2c13fcd22ad6979afb89b00101280fee48f71264296cf5,91,3.0,3.033233,3.038433,0.03323300000000007,90,2160,3840,data/new_frames/video1/phase2_video1_t0003000_f000091.png,c7b9d148be29169719dead2301b56824cb5cf57739f3735b3bf0d6d35709d511,af178f9c3da83cfe0f074b100dd1abd60e0255b445b59156ddef0634e9e87241,4409739,7148549454444421,119.78280978732639,374.66030449337427,,,,unlabelled,UNASSIGNED,pending
phase2_video1_t0003500_f000106,video1,video1.mp4,89cfae138fdf74f9cf2c13fcd22ad6979afb89b00101280fee48f71264296cf5,106,3.5,3.533233,3.538433,0.03323300000000007,90,2160,3840,data/new_frames/video1/phase2_video1_t0003500_f000106.png,76c09247738f92b04647f31e96943833f46d8cc97244fd0ff9e865813a2e6ae5,0b849e5aead14413693c1e7e39be7f22614e25c8c2abaa10652a626ec1c435d9,5269993,5341505004444422,110.51543511284723,390.48975013136675,,,,unlabelled,UNASSIGNED,pending
phase2_video1_t0004000_f000121,video1,video1.mp4,89cfae138fdf74f9cf2c13fcd22ad6979afb89b00101280fee48f71264296cf5,121,4.0,4.033233,4.038433,0.03323300000000007,90,2160,3840,data/new_frames/video1/phase2_video1_t0004000_f000121.png,96ca58f361632da1561a67a7d74fe214353d5b43370977b8757ba813f30e3d92,03b78f087eb182112cc2f45e01b41c2f507cb3a03d6d3cf5d02156e09b4cc545,5321075,535150d008444421,108.07210286458333,374.3727230970046,,,,unlabelled,UNASSIGNED,pending
phase2_video1_t0004500_f000136,video1,video1.mp4,89cfae138fdf74f9cf2c13fcd22ad6979afb89b00101280fee48f71264296cf5,136,4.5,4.533233,4.538433,0.03323300000000007,90,2160,3840,data/new_frames/video1/phase2_video1_t0004500_f000136.png,7089a4201616089f65982a523fa09f649204426c67538f24cab93e7a3c69e5d3,cb3a1d7df810921642757f8dc51c21699f0a7796ec2ff106de6e5dc266eeac8b,4851856,4151586450504845,104.65705023871527,423.69306253940783,,,,unlabelled,UNASSIGNED,pending
phase2_video1_t0005000_f000151,video1,video1.mp4,89cfae138fdf74f9cf2c13fcd22ad6979afb89b00101280fee48f71264296cf5,151,5.0,5.033233,5.038433,0.03323300000000007,90,2160,3840,data/new_frames/video1/phase2_video1_t0005000_f000151.png,8f14b5ff0571bfb3976d4a7f80b464b15b736dced9eb107eb2cdb66322800139,e4ca2865a98ef3eb96382233d253b980d1259fa46b8c22d6fac332bbfe7ef04a,5490375,4349505051504441,105.54768880208333,408.5202433562113,,,,unlabelled,UNASSIGNED,pending
phase2_video1_t0005500_f000166,video1,video1.mp4,89cfae138fdf74f9cf2c13fcd22ad6979afb89b00101280fee48f71264296cf5,166,5.5,5.533233,5.538433,0.03323300000000007,90,2160,3840,data/new_frames/video1/phase2_video1_t0005500_f000166.png,c21afcc66a77d959c0c949ba3f5f9839df95fa7b4f6b1d1fbd933c1a377f8096,4d62b463b89e490c5af0ba45bd8c661a0dac76201e14a1925f7870d604e7ef47,5679939,415950981058544b,105.27877468532986,441.3119107874823,,,,unlabelled,UNASSIGNED,pending
phase2_video1_t0006000_f000181,video1,video1.mp4,89cfae138fdf74f9cf2c13fcd22ad6979afb89b00101280fee48f71264296cf5,181,6.0,6.033132999999999,6.038333,0.03313299999999941,90,2160,3840,data/new_frames/video1/phase2_video1_t0006000_f000181.png,852f7f5bdecc45e007ab39f0cc9d1b0564dc98e5d6fc29a20f10f08963f62bee,e5c0c6195d928c0cfe1588477bb7199f53d2afbbf41ac4de255b6d7d891dff17,5550200,5261608048446463,105.27469211154514,450.04260429514596,,,,unlabelled,UNASSIGNED,pending
phase2_video1_t0006500_f000196,video1,video1.mp4,89cfae138fdf74f9cf2c13fcd22ad6979afb89b00101280fee48f71264296cf5,196,6.5,6.533132999999999,6.538333,0.03313299999999941,90,2160,3840,data/new_frames/video1/phase2_video1_t0006500_f000196.png,3302b71761aa614c6497061c8c8728430ef0fff4e640e78406a1a758e0619c8d,738497abe1f6a08712782bdfb18bd3741f6ffe1a43b60ac45bdb002f233e82ca,5733206,5261519010445546,108.01241726345486,648.4048257122437,,,,unlabelled,UNASSIGNED,pending
phase2_video1_t0007000_f000211,video1,video1.mp4,89cfae138fdf74f9cf2c13fcd22ad6979afb89b00101280fee48f71264296cf5,211,7.0,7.033132999999999,7.038333,0.03313299999999941,90,2160,3840,data/new_frames/video1/phase2_video1_t0007000_f000211.png,37efad02168df7eee3d2a5b124e5d83b186196e07569a7cd86cc977e12d0d923,eacfd7b61557c738f0c7e06e0a77919a849efc6693cf348bac3b79d9f6d21d00,5270185,534950604068614e,104.83291286892361,263.50745665511965,,,,unlabelled,UNASSIGNED,pending
phase2_video1_t0007500_f000226,video1,video1.mp4,89cfae138fdf74f9cf2c13fcd22ad6979afb89b00101280fee48f71264296cf5,226,7.5,7.533132999999999,7.538333,0.03313299999999941,90,2160,3840,data/new_frames/video1/phase2_video1_t0007500_f000226.png,f3d960d6473f9d4a3788c60751d464e9946e42611e6ff673254c595e5290c6b2,7747e2e7961857afa50f9f809c6e9d3e1df1a5fd434ca61be8372cb6e189aa3e,5578454,5255409410585153,105.18947347005208,608.1696503692203,,,,unlabelled,UNASSIGNED,pending
phase2_video1_t0008000_f000241,video1,video1.mp4,89cfae138fdf74f9cf2c13fcd22ad6979afb89b00101280fee48f71264296cf5,241,8.0,8.033133,8.038333,0.03313299999999941,90,2160,3840,data/new_frames/video1/phase2_video1_t0008000_f000241.png,2d83c8c0c3bdf50f33d9ba7d3b4714ca59fe9ef958282324524c8a721cf0a39e,f63217ed4a25eb675b13ad7686f2075ff58cf49c64cf7faeb6afb8c7377e0e35,5012197,4378548c4c4466a3,102.81235080295139,130.60522183591937,,,,unlabelled,UNASSIGNED,pending
phase2_video1_t0008500_f000256,video1,video1.mp4,89cfae138fdf74f9cf2c13fcd22ad6979afb89b00101280fee48f71264296cf5,256,8.5,8.533133,8.538333,0.03313299999999941,90,2160,3840,data/new_frames/video1/phase2_video1_t0008500_f000256.png,58b338b3bb1befbc973acd92f6997b8011dec39f3eaeb8e1394f5a169a92a48d,9d573fb511009ad233636aa1dcb4d70529a344775344521bcd4a1262b51853da,6022084,42684494046441a2,104.38954671223958,515.8848770724403,,,,unlabelled,UNASSIGNED,pending
phase2_video1_t0009000_f000271,video1,video1.mp4,89cfae138fdf74f9cf2c13fcd22ad6979afb89b00101280fee48f71264296cf5,271,9.0,9.033033,9.038233,0.033032999999999646,90,2160,3840,data/new_frames/video1/phase2_video1_t0009000_f000271.png,c965b6cad8595e54eb129896d1350d77800b1e8e8dbac1ebc083fd8b554a5632,64d83498d362ec45188318fb786bf0b495a753dee99a0ea053d8a9ec8bcbb8b1,5855942,5261548444446ec1,103.88275824652777,500.18815057789107,,,,unlabelled,UNASSIGNED,pending
phase2_video1_t0009500_f000286,video1,video1.mp4,89cfae138fdf74f9cf2c13fcd22ad6979afb89b00101280fee48f71264296cf5,286,9.5,9.533033,9.538233,0.033032999999999646,90,2160,3840,data/new_frames/video1/phase2_video1_t0009500_f000286.png,8037ee00456c091082f819245e607851003f27cd93abdbb2e0034f9b190400b4,6260868bcac338c889e3fdadfabc505d8429dcba490a9979640d5db5677f3f0e,5408034,42694040644c45c3,104.87330457899306,507.18064217724736,,,,unlabelled,UNASSIGNED,pending
phase2_video1_t0010000_f000301,video1,video1.mp4,89cfae138fdf74f9cf2c13fcd22ad6979afb89b00101280fee48f71264296cf5,301,10.0,10.033033,10.038233,0.033032999999999646,90,2160,3840,data/new_frames/video1/phase2_video1_t0010000_f000301.png,7e0cebe040fb6c9b9ebe105236561aa2c45176695ccc9f462ee0c2b4c10f5e6e,8a6fc9488d2e7ee88a22f012bedbd22897a18ce5b590a726872021b978a76b94,5284217,c241545404644c43,103.29911295572917,533.8484232011768,,,,unlabelled,UNASSIGNED,pending
phase2_video1_t0010500_f000316,video1,video1.mp4,89cfae138fdf74f9cf2c13fcd22ad6979afb89b00101280fee48f71264296cf5,316,10.5,10.533033,10.538233,0.033032999999999646,90,2160,3840,data/new_frames/video1/phase2_video1_t0010500_f000316.png,b78aebcc444c8754edd54c52ecfb6dbe18dd3c2ae6467934f1c6fedb7f305cee,0cf05a63af1036893019048ad7a6b3ad331a4dbe4d6e93719eda392b68569d71,5761469,40615848046c64ee,101.34844970703125,327.8485486036465,,,,unlabelled,UNASSIGNED,pending
phase2_video1_t0011000_f000331,video1,video1.mp4,89cfae138fdf74f9cf2c13fcd22ad6979afb89b00101280fee48f71264296cf5,331,11.0,11.033033,11.038233,0.033032999999999646,90,2160,3840,data/new_frames/video1/phase2_video1_t0011000_f000331.png,e7f71bd968a7d1d7e542e22f4e73946ecdfe5ff4446e03b7aa1cf80e46858cf3,ec5611295a257a38ac37522821a0306e3ed3d19c11c78cdaa1e4453984d1a12f,5579482,5058484c1c5c5a49,101.70966932508681,255.4375947051578,,,,unlabelled,UNASSIGNED,pending
phase2_video1_t0011500_f000346,video1,video1.mp4,89cfae138fdf74f9cf2c13fcd22ad6979afb89b00101280fee48f71264296cf5,346,11.5,11.532933,11.538133,0.03293299999999988,90,2160,3840,data/new_frames/video1/phase2_video1_t0011500_f000346.png,f9a19dc2f56fb0b45c117c7c589f4fac4ba101059b3d0852608622a9ec88e7cf,4ff1ee9747e63e60ee086b75d04cd0d993f3da250beb20ae3c60190df9aa2fe7,6037224,404048541c64544e,100.09358045789931,330.7403257234873,,,,unlabelled,UNASSIGNED,pending
phase2_video1_t0012000_f000361,video1,video1.mp4,89cfae138fdf74f9cf2c13fcd22ad6979afb89b00101280fee48f71264296cf5,361,12.0,12.032933,12.038133,0.03293299999999988,90,2160,3840,data/new_frames/video1/phase2_video1_t0012000_f000361.png,fa5647fcf39b64f28b6844b25a5380ad6c0b6e9c02f5fc166e4bf9713b578ee6,7ad51b20a3b7873b3b0c6f7d360165cfce9327dda10d328b699923cd6319fa7c,5756250,c96868a8b494f432,102.03531901041667,335.54365866488695,,,,unlabelled,UNASSIGNED,pending
phase2_video1_t0012500_f000376,video1,video1.mp4,89cfae138fdf74f9cf2c13fcd22ad6979afb89b00101280fee48f71264296cf5,376,12.5,12.532933,12.538133,0.03293299999999988,90,2160,3840,data/new_frames/video1/phase2_video1_t0012500_f000376.png,3569ad93663ae4762178de1d958d45dd2b60e0d6e9f96ed83b54593bbe083de2,be2f15219a31f4c83ff4b96ff671ab7c8345727047d1d8009b624aab2559a677,6388222,53747280504872b3,101.46295844184027,330.84405706970045,,,,unlabelled,UNASSIGNED,pending
phase2_video1_t0013000_f000391,video1,video1.mp4,89cfae138fdf74f9cf2c13fcd22ad6979afb89b00101280fee48f71264296cf5,391,13.0,13.032933,13.038133,0.03293299999999988,90,2160,3840,data/new_frames/video1/phase2_video1_t0013000_f000391.png,350da00c1571d44bd33ed623de875912f0d00bd5362284f58e57675c2b91145d,10ac1f07bb5720492e756d5d8b248c150409c57aa88be2213c54cbae7eb1bba7,5123614,534044845460cca5,103.71603054470486,346.79856391011936,,,,unlabelled,UNASSIGNED,pending
phase2_video2_t0000000_f000000,video2,Video2.mp4,ede61beae3361da86253c295dddf9ff3ac5e0c9901d07e1fe8161dc9c2d66ea7,0,0.0,0.0,0.0,0.0,90,1080,1920,data/new_frames/video2/phase2_video2_t0000000_f000000.png,6ea1626c196802fa796d18760276ba882e5e3ed5150e79e43417111af7c9b817,52ddf21b45c2a75b192fc7c63bfc9fa928752de7800a466fdd2ef73356ad1f0a,1180337,4d55d55f5d7df59e,122.30854627821181,501.22220930783647,,,,unlabelled,UNASSIGNED,pending
phase2_video2_t0000500_f000015,video2,Video2.mp4,ede61beae3361da86253c295dddf9ff3ac5e0c9901d07e1fe8161dc9c2d66ea7,15,0.5,0.505311,0.505311,0.005310999999999955,90,1080,1920,data/new_frames/video2/phase2_video2_t0000500_f000015.png,7af958ef7c3c3f84777dd61f39b0fc8beee66379a9451826cd06017e2adb7928,e04acb84eb4b62a287ad3ddd5d1af5ea4bc37f3c60e5b8d5851e105193ec65f1,1568426,4d55e55f5d7d7c9e,122.64239501953125,591.6602407803782,,,,unlabelled,UNASSIGNED,pending
phase2_video2_t0001000_f000030,video2,Video2.mp4,ede61beae3361da86253c295dddf9ff3ac5e0c9901d07e1fe8161dc9c2d66ea7,30,1.0,1.011378,1.011378,0.01137800000000011,90,1080,1920,data/new_frames/video2/phase2_video2_t0001000_f000030.png,b44f00b79d420c118b436e0379563afd72aabf483185c98948405b0dfeb93a9d,c70f6822bc57990b0ce04317b0f273a246a6ffb74b4ee4e7449151c68c521706,1359837,2d55657f5d7dfd9e,122.44586181640625,621.6657161447737,,,,unlabelled,UNASSIGNED,pending
phase2_video2_t0001500_f000045,video2,Video2.mp4,ede61beae3361da86253c295dddf9ff3ac5e0c9901d07e1fe8161dc9c2d66ea7,45,1.5,1.516678,1.516678,0.01667799999999997,90,1080,1920,data/new_frames/video2/phase2_video2_t0001500_f000045.png,417b220a682cf88433c8db23b9f0e86456b2dfb8e3819fa2561348eb6cea57e5,43018706e00a7752b44df0cfaa8c7ba54bf5cfb96e4ce9ccc1bafea616a1d4ef,1571480,cd55f55f5ddd7596,121.77656385633681,573.5854546556043,,,,unlabelled,UNASSIGNED,pending
phase2_video2_t0002000_f000060,video2,Video2.mp4,ede61beae3361da86253c295dddf9ff3ac5e0c9901d07e1fe8161dc9c2d66ea7,60,2.0,2.022744,2.022744,0.022743999999999875,90,1080,1920,data/new_frames/video2/phase2_video2_t0002000_f000060.png,c815f7f1c62b78d9e12698a995ef23d6b4bc65a6e36d6e93ff0ab04b613c3c30,2960c8a70abf8834ccce18ac7e8dff8cea4ffb2b37408400e1a4674742499c15,1344137,cd5dd55f5ddd7514,119.61060926649306,580.8149085810155,,,,unlabelled,UNASSIGNED,pending
phase2_video2_t0002500_f000075,video2,Video2.mp4,ede61beae3361da86253c295dddf9ff3ac5e0c9901d07e1fe8161dc9c2d66ea7,75,2.5,2.528056,2.528056,0.02805599999999986,90,1080,1920,data/new_frames/video2/phase2_video2_t0002500_f000075.png,02217d4bc61d494816685058ce20b0aec5467fc7f407489a7b9d7b2a9fb3f06d,730b51ef189c91b0ab810f3a93a924f4d6f6b6eae29ca187c06a613dd805e186,1585614,cd5dd55fddd57d14,119.34796142578125,591.2441780830239,,,,unlabelled,UNASSIGNED,pending
phase2_video2_t0003000_f000089,video2,Video2.mp4,ede61beae3361da86253c295dddf9ff3ac5e0c9901d07e1fe8161dc9c2d66ea7,89,3.0,3.000033,3.000033,3.300000000017178e-05,90,1080,1920,data/new_frames/video2/phase2_video2_t0003000_f000089.png,7a0466626c948080d3ef94febe77233270cca55efdbc8c26026d95e346899ab1,3c469fb894bc576ef91c29ac7840669098a69970c2f01744e55e225d40a84ce2,1553773,cd55e577cd5d3514,119.69649251302083,592.537880860683,,,,unlabelled,UNASSIGNED,pending
phase2_video2_t0003500_f000104,video2,Video2.mp4,ede61beae3361da86253c295dddf9ff3ac5e0c9901d07e1fe8161dc9c2d66ea7,104,3.5,3.5061,3.5061,0.006099999999999994,90,1080,1920,data/new_frames/video2/phase2_video2_t0003500_f000104.png,8b979a70e438d36bef86e486fe96b220cacc5f99293eddeacf733d4e4e4ac603,fccdf4b3e2c4d6411108ef3e0b553fecf027084c776a744234c1373109472e6a,1549281,cd65756fed5d7534,117.7967529296875,608.2191441919608,,,,unlabelled,UNASSIGNED,pending
phase2_video2_t0004000_f000119,video2,Video2.mp4,ede61beae3361da86253c295dddf9ff3ac5e0c9901d07e1fe8161dc9c2d66ea7,119,4.0,4.011411,4.011411,0.011410999999999838,90,1080,1920,data/new_frames/video2/phase2_video2_t0004000_f000119.png,1597436a387b1f5f8bb3259a2cb6ef08a8b524ad95455a74f9b06d6247d5d77d,aab8c1aaaf631544d61c9cbba99b75aff8bfdf1bcaedb578cec9b693495eaa65,1546666,ed75556fedf57d34,116.21722412109375,599.7108556028043,,,,unlabelled,UNASSIGNED,pending
phase2_video2_t0004500_f000134,video2,Video2.mp4,ede61beae3361da86253c295dddf9ff3ac5e0c9901d07e1fe8161dc9c2d66ea7,134,4.5,4.517478,4.517478,0.01747799999999966,90,1080,1920,data/new_frames/video2/phase2_video2_t0004500_f000134.png,ab0977a5334f2f8281b417043d8a3e16f852aa22715c7ef581bc94c7838f7882,83ab1739a4d8f995d33905864efe6e6321659fa786109a1b19673047199bb3b6,1572413,ed55657f5ddd7534,117.10348849826389,616.5506952349326,,,,unlabelled,UNASSIGNED,pending
phase2_video2_t0005000_f000149,video2,Video2.mp4,ede61beae3361da86253c295dddf9ff3ac5e0c9901d07e1fe8161dc9c2d66ea7,149,5.0,5.022778,5.022778,0.022777999999999743,90,1080,1920,data/new_frames/video2/phase2_video2_t0005000_f000149.png,de980a7e7517f2be56be74632637856602f818ba0ade510d2777496b9893e2de,1e34481ca279b2a6ed38bef1518a76c36fbb92e6b2d35e955c68b77aad71e9cc,1534557,b5bddd5fcd7d7534,115.40281168619792,556.1685101654795,,,,unlabelled,UNASSIGNED,pending
phase2_video2_t0005500_f000164,video2,Video2.mp4,ede61beae3361da86253c295dddf9ff3ac5e0c9901d07e1fe8161dc9c2d66ea7,164,5.5,5.528844,5.528844,0.028844000000000314,90,1080,1920,data/new_frames/video2/phase2_video2_t0005500_f000164.png,355af8930db9fc2cfecc55ea9590d8cad6968f1dd31c7668c716b9b27d413260,675aebf82c675819bf62307f1533c66ebcf60b8bc3cb2ba72ac3ab8d0f0a1d5a,1410410,bd7dad575ddd7d74,115.51755777994792,526.3799982907963,,,,unlabelled,UNASSIGNED,pending
phase2_video2_t0006000_f000178,video2,Video2.mp4,ede61beae3361da86253c295dddf9ff3ac5e0c9901d07e1fe8161dc9c2d66ea7,178,6.0,6.000822,6.000822,0.0008220000000003225,90,1080,1920,data/new_frames/video2/phase2_video2_t0006000_f000178.png,0fbdcbb00b4eb5b160f883e597862fe214ab7edd7bee8583fe5ea613b62e4b89,446fa83b340c3b4aacdd580665b2363a75fe5bd0882e57d88a5a82fc3934825b,1302807,f5755d6f6d5d7d34,115.58083089192708,509.0090988936524,,,,unlabelled,UNASSIGNED,pending
phase2_video2_t0006500_f000193,video2,Video2.mp4,ede61beae3361da86253c295dddf9ff3ac5e0c9901d07e1fe8161dc9c2d66ea7,193,6.5,6.506133,6.506133,0.006133000000000166,90,1080,1920,data/new_frames/video2/phase2_video2_t0006500_f000193.png,7d9d4397f4ffd0e3f5cac1877ca77633e6e87ec15565c7c12d94ceec7db5164e,9fad1c463a8a182cbf00b4ee46117e778562bac39a4199e6b108d05177033db8,1222249,dd756d7fddf95d34,113.07034640842014,418.7323256388399,,,,unlabelled,UNASSIGNED,pending
phase2_video2_t0007000_f000208,video2,Video2.mp4,ede61beae3361da86253c295dddf9ff3ac5e0c9901d07e1fe8161dc9c2d66ea7,208,7.0,7.0122,7.0122,0.012199999999999989,90,1080,1920,data/new_frames/video2/phase2_video2_t0007000_f000208.png,522ba8de597e9a8a4cdcb8fd6b398a21061e3179411e5df45fee499f51de0382,9b0f7cafe268de0df561dcef8240118772e62209b46839ae1f400fe433304a1c,1154217,dd75f56fedfd7d74,113.61136881510417,479.6060518688165,,,,unlabelled,UNASSIGNED,pending
phase2_video2_t0007500_f000223,video2,Video2.mp4,ede61beae3361da86253c295dddf9ff3ac5e0c9901d07e1fe8161dc9c2d66ea7,223,7.5,7.517511,7.517511,0.017510999999999832,90,1080,1920,data/new_frames/video2/phase2_video2_t0007500_f000223.png,7e365130e6e541223eafebbc16666259a4eec7fc3d60e70728079e8b9ef95413,4fb91d1d1fffb4b562f6cb03948d967f64186ba0d65e169567e012e411fcec93,1107233,d5757d77dddd6d74,114.05708821614583,473.69912466034293,,,,unlabelled,UNASSIGNED,pending
phase2_video2_t0008000_f000238,video2,Video2.mp4,ede61beae3361da86253c295dddf9ff3ac5e0c9901d07e1fe8161dc9c2d66ea7,238,8.0,8.023578,8.023578,0.023578000000000543,90,1080,1920,data/new_frames/video2/phase2_video2_t0008000_f000238.png,fb7c9bb0350cd0f9fba95acb62c2fea7a489fbcda635f92ab14ce735479d2ec7,b9aff99ffb598bf1f8c2c1da2a517f0815bec40a2c92630d0bcd6fefdc3a4dca,1090634,dd756d6fed6d7d74,114.06550428602431,484.214657023917,,,,unlabelled,UNASSIGNED,pending
phase2_video2_t0008500_f000253,video2,Video2.mp4,ede61beae3361da86253c295dddf9ff3ac5e0c9901d07e1fe8161dc9c2d66ea7,253,8.5,8.528878,8.528878,0.028878000000000625,90,1080,1920,data/new_frames/video2/phase2_video2_t0008500_f000253.png,372317d7b9ce82d65ad72de07cbc0879249ff01b7a7678eee32eac2809995fa1,a85cdf44e1a2c33877b47e8840b982fa1ddf9567ecf5b5931b7df58d31c14194,1045111,d57ded5fdd4d7574,113.40033637152777,460.78627836538686,,,,unlabelled,UNASSIGNED,pending
phase2_video2_t0009000_f000267,video2,Video2.mp4,ede61beae3361da86253c295dddf9ff3ac5e0c9901d07e1fe8161dc9c2d66ea7,267,9.0,9.000856,9.000856,0.000856000000000634,90,1080,1920,data/new_frames/video2/phase2_video2_t0009000_f000267.png,edd154b93ee102c131a76edd546af42bd811b688c114a87964d61c1f889b8f11,83e905373bbdfc3038a3c390b4f28fb4829cc6f236cc97aa7a2e58a09916a9c1,1026536,fd7dfd7ffd597d74,113.93492974175348,452.8436256841653,,,,unlabelled,UNASSIGNED,pending
phase2_video2_t0009500_f000282,video2,Video2.mp4,ede61beae3361da86253c295dddf9ff3ac5e0c9901d07e1fe8161dc9c2d66ea7,282,9.5,9.506922,9.506922,0.006921999999999429,90,1080,1920,data/new_frames/video2/phase2_video2_t0009500_f000282.png,5fba1449a2b5074d67cfff6fe1fb8b174dfd814e053c24a1657b97f98756df46,c0ac229425288156717395e45d5868385d68c4ecf69dc0a3afb53d7900053c6c,1020959,ddfdf95bcdd97d74,114.47863091362848,442.1445025983784,,,,unlabelled,UNASSIGNED,pending
phase2_video2_t0010000_f000297,video2,Video2.mp4,ede61beae3361da86253c295dddf9ff3ac5e0c9901d07e1fe8161dc9c2d66ea7,297,10.0,10.012233,10.012233,0.01223300000000016,90,1080,1920,data/new_frames/video2/phase2_video2_t0010000_f000297.png,a1ab445a20dc8140d6306b4ee1e9aef728e1d1196f51c6c6952bdf35ec05aca3,cbd4da41b0685c2a0cdb5e8d7312a3fbc1557332ed4076875bb478c37a6c8bed,986845,b9eddd5ecd5d5d74,117.41482204861111,365.13244190108446,,,,unlabelled,UNASSIGNED,pending
phase2_video2_t0010500_f000312,video2,Video2.mp4,ede61beae3361da86253c295dddf9ff3ac5e0c9901d07e1fe8161dc9c2d66ea7,312,10.5,10.5183,10.5183,0.018299999999999983,90,1080,1920,data/new_frames/video2/phase2_video2_t0010500_f000312.png,a51b13b2d22b1881cb0d9d64c0b4a1ec4f47fbc124382db885acfd0bf55a2770,c6070a5384d1af5027660d007acd9ef2bc789ca43426b255497f011233536322,997829,fb6ced6fdddd7d74,113.76530626085069,428.8889547343147,,,,unlabelled,UNASSIGNED,pending
phase2_video2_t0011000_f000327,video2,Video2.mp4,ede61beae3361da86253c295dddf9ff3ac5e0c9901d07e1fe8161dc9c2d66ea7,327,11.0,11.023611,11.023611,0.023611000000000715,90,1080,1920,data/new_frames/video2/phase2_video2_t0011000_f000327.png,4127a4d57c394223e365e30976c8882d37a15706548e605336a9efb26353b0f6,3bb567254a66ae2c3f3e78bc3e20919d2a1c52d0202b680fd9310d94e50347a6,978853,bb5dfd5fdddd7d74,113.49789767795139,357.6562261581421,,,,unlabelled,UNASSIGNED,pending
phase2_video2_t0011500_f000342,video2,Video2.mp4,ede61beae3361da86253c295dddf9ff3ac5e0c9901d07e1fe8161dc9c2d66ea7,342,11.5,11.529678,11.529678,0.029678000000000537,90,1080,1920,data/new_frames/video2/phase2_video2_t0011500_f000342.png,766580d6408ee973f329de79aa09486e210388c994af516c976f83868baafbaa,6e7ea0332efb8763d0f2fdd2ab1f6a86b3978608167527f4161095ab72776d9f,981747,dd5dfd7bdbfd7d74,117.51090494791667,437.50277482065155,,,,unlabelled,UNASSIGNED,pending
phase2_video2_t0012000_f000356,video2,Video2.mp4,ede61beae3361da86253c295dddf9ff3ac5e0c9901d07e1fe8161dc9c2d66ea7,356,12.0,12.001644,12.001644,0.001644000000000645,90,1080,1920,data/new_frames/video2/phase2_video2_t0012000_f000356.png,6abf7591fe0e80c6762ec86370cd18355b49ccabb4d6dadfc46d773976785e33,43277a10403c964ad92d1917785ae422362e9be24f6c01d08fd518fea9f92cfc,1004922,fd7d75776d6d7d74,117.03900146484375,482.07354413064905,,,,unlabelled,UNASSIGNED,pending
phase2_video2_t0012500_f000371,video2,Video2.mp4,ede61beae3361da86253c295dddf9ff3ac5e0c9901d07e1fe8161dc9c2d66ea7,371,12.5,12.506956,12.506956,0.006956000000000628,90,1080,1920,data/new_frames/video2/phase2_video2_t0012500_f000371.png,192799cddf667009ec5c82cd87cf74ce826d5843fc9ab62eafac8b03d1dfe324,14cece14ae475c99b919524b32037f780637cd417c882912156979113e0efa49,961422,dd7575777d6d6d74,116.28857421875,484.3143684793678,,,,unlabelled,UNASSIGNED,pending
phase2_video2_t0013000_f000386,video2,Video2.mp4,ede61beae3361da86253c295dddf9ff3ac5e0c9901d07e1fe8161dc9c2d66ea7,386,13.0,13.013022,13.013022,0.013021999999999423,90,1080,1920,data/new_frames/video2/phase2_video2_t0013000_f000386.png,d8155cc21975198a209f5da55d50d0d8ef14785e8bfcb053997121b009ef1168,807327324138fccf341d2c187270cc0c4571f97c5441845dc8a5ffa41dac94b0,963910,d555757b7d7d7d74,120.76340060763889,492.9372409530627,,,,unlabelled,UNASSIGNED,pending
phase2_video2_t0013500_f000401,video2,Video2.mp4,ede61beae3361da86253c295dddf9ff3ac5e0c9901d07e1fe8161dc9c2d66ea7,401,13.5,13.518333,13.518333,0.018333000000000155,90,1080,1920,data/new_frames/video2/phase2_video2_t0013500_f000401.png,468cafe8a0f39f6aaa737609473e809fb0e5826615ea0131ae3733a01ebbc5a2,be809051c4248fa5139e4d38180937bcd51da4f50a7409221818e6d4f1098a7f,948588,dd556557757d6d74,119.04737684461806,487.85209972751727,,,,unlabelled,UNASSIGNED,pending
phase2_video2_t0014000_f000416,video2,Video2.mp4,ede61beae3361da86253c295dddf9ff3ac5e0c9901d07e1fe8161dc9c2d66ea7,416,14.0,14.0244,14.0244,0.024399999999999977,90,1080,1920,data/new_frames/video2/phase2_video2_t0014000_f000416.png,5a2e15780e1e82f7592a9a95ff2f3c638f1db904747222b243745a1083b51212,5d6ae7700d952faa25af8e2b0a6d8d6c97d9978448377b78e9db76ae4e0968fb,962759,dd7d757f7d6d7d34,119.22846815321181,459.8650999760462,,,,unlabelled,UNASSIGNED,pending
phase2_video2_t0014500_f000431,video2,Video2.mp4,ede61beae3361da86253c295dddf9ff3ac5e0c9901d07e1fe8161dc9c2d66ea7,431,14.5,14.529711,14.529711,0.02971100000000071,90,1080,1920,data/new_frames/video2/phase2_video2_t0014500_f000431.png,41b5b85bf50725432ff2774e333057a1b3cdf65f8c4e85c43c84b253b8d12ebb,1b7f8d23323f0cb6486bb0578f8155d2743d6da2174c11d38c2dde336848c754,940768,ed757577ed6d7d34,119.53695339626736,420.5366176123512,,,,unlabelled,UNASSIGNED,pending
phase2_video2_t0015000_f000445,video2,Video2.mp4,ede61beae3361da86253c295dddf9ff3ac5e0c9901d07e1fe8161dc9c2d66ea7,445,15.0,15.001678,15.001678,0.0016780000000000683,90,1080,1920,data/new_frames/video2/phase2_video2_t0015000_f000445.png,1d3e121917802d05f6d8d5707cbff0c72b3e2fd1da2ac83945bb805be304a088,6ef7b4c909fd44366b548137209fcbbf435a79ce22ff81cf92b9adc6d34c9679,954081,dd5555f7fd6d7d34,117.66580539279514,315.34197321037453,,,,unlabelled,UNASSIGNED,pending
phase2_video2_t0015500_f000460,video2,Video2.mp4,ede61beae3361da86253c295dddf9ff3ac5e0c9901d07e1fe8161dc9c2d66ea7,460,15.5,15.507744,15.507744,0.007744000000000639,90,1080,1920,data/new_frames/video2/phase2_video2_t0015500_f000460.png,69208daf2a482e0bd6f099607da46edfb78b0f9641f420bc87e512c83eb853fb,3554afb286b00a174784e9f9e1ccf15af98b7e0be52835d6ace286a4f8bc9b3c,969698,7d757577554d6d34,124.09214274088542,476.25230496293966,,,,unlabelled,UNASSIGNED,pending
phase2_video2_t0016000_f000475,video2,Video2.mp4,ede61beae3361da86253c295dddf9ff3ac5e0c9901d07e1fe8161dc9c2d66ea7,475,16.0,16.013056,16.013056,0.013055999999998846,90,1080,1920,data/new_frames/video2/phase2_video2_t0016000_f000475.png,2c65e24806f80a47ec02aab40cf0f3ba76e0b43a0fa27b3ee65facdc1036d82e,eb785a34b30aa20ade3bf15f567e383bf436456d03e72c48b150c29a8a18de4b,962212,5d75757765756d34,119.20713297526042,462.5696790218353,,,,unlabelled,UNASSIGNED,pending
phase2_video2_t0016500_f000490,video2,Video2.mp4,ede61beae3361da86253c295dddf9ff3ac5e0c9901d07e1fe8161dc9c2d66ea7,490,16.5,16.519122,16.519122,0.019121999999999417,90,1080,1920,data/new_frames/video2/phase2_video2_t0016500_f000490.png,521e9a2efde884671b16dd3020529b5c1b41789a7f8468e086a61d50f6444ea5,eb0d1d3c5b913ccff0ccf3672fdb5771052f6054c3a2d62b9f9760e2d11e5c1c,958687,55694957757d7d34,122.86052788628473,499.5010959891902,,,,unlabelled,UNASSIGNED,pending
phase2_video2_t0017000_f000505,video2,Video2.mp4,ede61beae3361da86253c295dddf9ff3ac5e0c9901d07e1fe8161dc9c2d66ea7,505,17.0,17.024433,17.024433,0.024432999999998373,90,1080,1920,data/new_frames/video2/phase2_video2_t0017000_f000505.png,6c72ef65f839c6b234a44f5b974ed1c4f4af3d3a2afdb8d17ca752e9bae16c9b,b7acf886ebbf8b6a41b421288b3630afe7859bc5c4694575b43890db206c8fdf,947671,f559796b756d6d34,121.57756212022569,530.6475448210575,,,,unlabelled,UNASSIGNED,pending
phase2_video2_t0017500_f000520,video2,Video2.mp4,ede61beae3361da86253c295dddf9ff3ac5e0c9901d07e1fe8161dc9c2d66ea7,520,17.5,17.5305,17.5305,0.03049999999999997,90,1080,1920,data/new_frames/video2/phase2_video2_t0017500_f000520.png,cf6158fcf991b61b1763c9ace5841ed5cd88c13a608e175c36507036d35cb1d7,536c2e045fd0d954651deff3ad68a8ad5f096632ef2a9a455c95ca6382ce72f7,963713,e559796b6d7d7d74,121.22564697265625,537.5963754112613,,,,unlabelled,UNASSIGNED,pending
phase2_video2_t0018000_f000534,video2,Video2.mp4,ede61beae3361da86253c295dddf9ff3ac5e0c9901d07e1fe8161dc9c2d66ea7,534,18.0,18.002478,18.002478,0.0024779999999999802,90,1080,1920,data/new_frames/video2/phase2_video2_t0018000_f000534.png,9783a62f0e601adc4bec85d3876a9f7c298bd6d467d57b9ed57377f94aaebf9b,b65a5b5cfa52cfb286f0a368b1ea773ac982d1abb61503d54c64ab96069c38e5,1020287,e559797b69656d74,119.90149603949652,544.1548596918124,,,,unlabelled,UNASSIGNED,pending
phase2_video2_t0018500_f000549,video2,Video2.mp4,ede61beae3361da86253c295dddf9ff3ac5e0c9901d07e1fe8161dc9c2d66ea7,549,18.5,18.507778,18.507778,0.007777999999998286,90,1080,1920,data/new_frames/video2/phase2_video2_t0018500_f000549.png,c190c5e2a47ab5b44238c80b2f0cacd9dab16a4398a949d0d972d8e92f136ca3,5bb3ef31c29bb4df9a326daf567c8ba0425717685d5df50e305e2f41d19f0833,938023,e559717b69757d74,120.21019151475694,552.4605261705079,,,,unlabelled,UNASSIGNED,pending
phase2_video2_t0019000_f000564,video2,Video2.mp4,ede61beae3361da86253c295dddf9ff3ac5e0c9901d07e1fe8161dc9c2d66ea7,564,19.0,19.013844,19.013844,0.013843999999998857,90,1080,1920,data/new_frames/video2/phase2_video2_t0019000_f000564.png,ebdf95471decbad8f852d554c8353a9b4ad9df0118f08c199c90bc27d704e92e,a466040067e167b42041f26fefd54070226d17bda1240e6d3ffa5a7ed942b7c3,966685,e159796b6d756574,120.94157579210069,385.6348850079525,,,,unlabelled,UNASSIGNED,pending
phase2_video2_t0019500_f000579,video2,Video2.mp4,ede61beae3361da86253c295dddf9ff3ac5e0c9901d07e1fe8161dc9c2d66ea7,579,19.5,19.519156,19.519156,0.01915599999999884,90,1080,1920,data/new_frames/video2/phase2_video2_t0019500_f000579.png,79f633f81a9a62ec362f1939474ef1fa7effe96b82bac5602da36cf63833da29,f5c54124d2564279f93d17e98f994f9eb16b4e03ec825702734a646a55130f46,954193,e559796f6d657574,117.14894612630208,553.737123089072,,,,unlabelled,UNASSIGNED,pending
phase2_video2_t0020000_f000594,video2,Video2.mp4,ede61beae3361da86253c295dddf9ff3ac5e0c9901d07e1fe8161dc9c2d66ea7,594,20.0,20.025222,20.025222,0.02522199999999941,90,1080,1920,data/new_frames/video2/phase2_video2_t0020000_f000594.png,b428211b3635d699d88eed0558ebdd5465246f263b02b8e0e87bc6c1c9d27d48,3b6dacc1a1e89907571c3e349a8290dc91d7e59c2af11adcc6f4fdc7bee08620,1014524,e5597b6b6d7d7d74,124.15231662326389,563.6680892174259,,,,unlabelled,UNASSIGNED,pending
phase2_video2_t0020500_f000609,video2,Video2.mp4,ede61beae3361da86253c295dddf9ff3ac5e0c9901d07e1fe8161dc9c2d66ea7,609,20.5,20.530533,20.530533,0.030532999999998367,90,1080,1920,data/new_frames/video2/phase2_video2_t0020500_f000609.png,b064d7e0c5692d3192dfb6fbad9a1a51081dd5e80cb2358a5ebace15333aaa57,06ee6aa38d2e247ee188048d963613f93eec05d86b7d64e11792aad941166017,952373,ed51517b69457d74,118.92784288194444,590.3555214084502,,,,unlabelled,UNASSIGNED,pending
phase2_video2_t0021000_f000623,video2,Video2.mp4,ede61beae3361da86253c295dddf9ff3ac5e0c9901d07e1fe8161dc9c2d66ea7,623,21.0,21.002511,21.002511,0.0025109999999983756,90,1080,1920,data/new_frames/video2/phase2_video2_t0021000_f000623.png,bfcf5f8a23f672e7d1452e4e020782e44a4861089465a321dadcc7080e7e4122,be6ea67e71e02f44258e8cd665b4cd371181d49fc39ebceb119451680cd25911,954529,e559596b69757d74,120.41409640842014,566.7706262386507,,,,unlabelled,UNASSIGNED,pending
phase2_video2_t0021500_f000638,video2,Video2.mp4,ede61beae3361da86253c295dddf9ff3ac5e0c9901d07e1fe8161dc9c2d66ea7,638,21.5,21.508578,21.508578,0.008577999999999975,90,1080,1920,data/new_frames/video2/phase2_video2_t0021500_f000638.png,feb3f9c6506c38310148fad9f2b887ca61e893adbb6860f4f3f4c73d4f4dda3e,0a95f01ae2e44f04b450253cdefcda369e1472d48a592fc591e1596040302e55,977460,e559797b69656d74,120.41705322265625,550.3141137570788,,,,unlabelled,UNASSIGNED,pending
phase2_video2_t0022000_f000653,video2,Video2.mp4,ede61beae3361da86253c295dddf9ff3ac5e0c9901d07e1fe8161dc9c2d66ea7,653,22.0,22.013878,22.013878,0.01387799999999828,90,1080,1920,data/new_frames/video2/phase2_video2_t0022000_f000653.png,27f7bb59c36742648f8edb11532d83b176530814d9cda459a08bf872d35cd36a,7c2e2e3c8673888bf6489ad940b9752f3b5682f605f65b3781f4d75152901b50,972757,e559796b6d7d7d74,118.73245578342014,557.375024580661,,,,unlabelled,UNASSIGNED,pending
phase2_video2_t0022500_f000668,video2,Video2.mp4,ede61beae3361da86253c295dddf9ff3ac5e0c9901d07e1fe8161dc9c2d66ea7,668,22.5,22.519944,22.519944,0.01994399999999885,90,1080,1920,data/new_frames/video2/phase2_video2_t0022500_f000668.png,2a9b98003c4bad78b72261693cd21ed4e17dad7e569a34964b8d275479b6e533,d37ed5eab0c90ce5407d8f0e24dddafe84e35e552107119981a278349a70954c,971952,f559797b6d756574,121.32095675998264,384.8118290426094,,,,unlabelled,UNASSIGNED,pending
phase2_video2_t0023000_f000683,video2,Video2.mp4,ede61beae3361da86253c295dddf9ff3ac5e0c9901d07e1fe8161dc9c2d66ea7,683,23.0,23.025256,23.025256,0.025255999999998835,90,1080,1920,data/new_frames/video2/phase2_video2_t0023000_f000683.png,e66169df3896277e6c5a43260fefad46994cd534ba4da9c55b712d14beba1ad9,3a49c6c8aca678f6654791f95bf929fcf9098788b33e697732d13d9042b7e0eb,951045,e55d515b596d5d34,118.57202826605902,553.3241825339235,,,,unlabelled,UNASSIGNED,pending
phase2_video2_t0023500_f000698,video2,Video2.mp4,ede61beae3361da86253c295dddf9ff3ac5e0c9901d07e1fe8161dc9c2d66ea7,698,23.5,23.531322,23.531322,0.031321999999999406,90,1080,1920,data/new_frames/video2/phase2_video2_t0023500_f000698.png,d85cbbf53be199a452acf7dbbb0f4ed7bd4a60d578be180cda7c07dcdac3e2b7,07e1380abd433e131e41dd20ad559cc4aa2932b555a3a75fd87297e40bf6fe01,971297,e571535759ed5d34,122.92395697699652,578.9244233561151,,,,unlabelled,UNASSIGNED,pending
phase2_video2_t0024000_f000712,video2,Video2.mp4,ede61beae3361da86253c295dddf9ff3ac5e0c9901d07e1fe8161dc9c2d66ea7,712,24.0,24.0033,24.0033,0.0032999999999994145,90,1080,1920,data/new_frames/video2/phase2_video2_t0024000_f000712.png,18d711f8454c4c4efec0a472f632e05085472dd9587ab27bd1687ab543558388,abc7a463dd257b978f935d1da3a302057e6e5ab4037c93b604586e972a5cd930,990225,e175555359dd7d34,119.89135064019098,566.7162224418128,,,,unlabelled,UNASSIGNED,pending
phase2_video2_t0024500_f000727,video2,Video2.mp4,ede61beae3361da86253c295dddf9ff3ac5e0c9901d07e1fe8161dc9c2d66ea7,727,24.5,24.508611,24.508611,0.00861099999999837,90,1080,1920,data/new_frames/video2/phase2_video2_t0024500_f000727.png,080415e2478efe7ac68165fba988ea9a0f895496a838115675ba6867e28395b5,aae0e1555ac36a517315b8da44cfd30e34150b3eb0e6510292b2d71c1ef8a455,929376,e571555351dd5d14,120.23735894097223,579.3747379028779,,,,unlabelled,UNASSIGNED,pending
phase2_video2_t0025000_f000742,video2,Video2.mp4,ede61beae3361da86253c295dddf9ff3ac5e0c9901d07e1fe8161dc9c2d66ea7,742,25.0,25.014678,25.014678,0.014677999999999969,90,1080,1920,data/new_frames/video2/phase2_video2_t0025000_f000742.png,a88b68e799f6a0d1a72c2def3442032e7fc6a4980ef0e644ab4e07778a034643,6a1c80915ae606c1764dec4997ef94c4e5e60d14aa07b1a5ef52568ad7224452,975475,e559595b59e55d74,120.62491861979167,391.4376487715377,,,,unlabelled,UNASSIGNED,pending
phase2_video2_t0025500_f000757,video2,Video2.mp4,ede61beae3361da86253c295dddf9ff3ac5e0c9901d07e1fe8161dc9c2d66ea7,757,25.5,25.519978,25.519978,0.019977999999998275,90,1080,1920,data/new_frames/video2/phase2_video2_t0025500_f000757.png,15c52bd14de34152f6d4ae543ffa58c73c7788e6dbbed3e716cc897f3bf9ed8a,ee81f83d4f6ed15246c7840d4abbc1ac6e916a21db35d05fad4952bdd41ca528,959195,e5595153594d7d74,116.81523301866319,589.8443138632051,,,,unlabelled,UNASSIGNED,pending
phase2_video2_t0026000_f000772,video2,Video2.mp4,ede61beae3361da86253c295dddf9ff3ac5e0c9901d07e1fe8161dc9c2d66ea7,772,26.0,26.026044,26.026044,0.026043999999998846,90,1080,1920,data/new_frames/video2/phase2_video2_t0026000_f000772.png,91387ed6af6cb32a5f3ba8c56ecde8563bc77c312e52ba60387bfaf53d2af33d,95a5a3a7b082acb8c3885e68632ef27c773f7d9c6d0074352c597c867f1e21d8,985844,e559597b69655d74,118.50433349609375,541.4042410217226,,,,unlabelled,UNASSIGNED,pending
phase2_video2_t0026500_f000787,video2,Video2.mp4,ede61beae3361da86253c295dddf9ff3ac5e0c9901d07e1fe8161dc9c2d66ea7,787,26.5,26.531356,26.531356,0.03135599999999883,90,1080,1920,data/new_frames/video2/phase2_video2_t0026500_f000787.png,bd148497fd4df0cc21e0a47763b8bda4304ad03ab9312322b1c70bea8967ff24,b8b687b67996738eb43a20a860d4c8c4031c8c95a4ef4bc03c7728cb47f61a3b,940926,e559597b6de5dd74,119.61456298828125,551.0683138303826,,,,unlabelled,UNASSIGNED,pending
phase2_video2_t0027000_f000801,video2,Video2.mp4,ede61beae3361da86253c295dddf9ff3ac5e0c9901d07e1fe8161dc9c2d66ea7,801,27.0,27.003333,27.003333,0.0033330000000013627,90,1080,1920,data/new_frames/video2/phase2_video2_t0027000_f000801.png,788f88697506bdbcd94bf66a2a7a86d28e5eaab611a6276413e8a02b9c7f4f87,4960d350800980c2cca4d3c23943fbfd1b91af811b0f345aabe8ad7fbbd5eb23,975713,e559515379cd7d74,118.79214138454861,554.2280355277989,,,,unlabelled,UNASSIGNED,pending
phase2_video2_t0027500_f000816,video2,Video2.mp4,ede61beae3361da86253c295dddf9ff3ac5e0c9901d07e1fe8161dc9c2d66ea7,816,27.5,27.5094,27.5094,0.009399999999999409,90,1080,1920,data/new_frames/video2/phase2_video2_t0027500_f000816.png,4ac7357138448a2442c4308659f8098ee1ea38c8acf0e0ef575611f49eb9ea0e,540b36feef24168cd0fd36c422709b831a6a5a1c432c312f2d89818064d5fef4,996432,e559597b69d55d74,119.1617431640625,584.7082908480531,,,,unlabelled,UNASSIGNED,pending
phase2_video2_t0028000_f000831,video2,Video2.mp4,ede61beae3361da86253c295dddf9ff3ac5e0c9901d07e1fe8161dc9c2d66ea7,831,28.0,28.014711,28.014711,0.014710999999998364,90,1080,1920,data/new_frames/video2/phase2_video2_t0028000_f000831.png,dbf12dd5cbf4b9b551795d1b048088904320e22f73b7168c6d921a0f2a64f3b4,ccc2d280b0a2b748d35bc125a9dcafa966b5e1a7f86ff7c3b1b73b37910630ec,976111,e559555379ed5d74,121.81220838758681,588.27500758895,,,,unlabelled,UNASSIGNED,pending
phase2_video2_t0028500_f000846,video2,Video2.mp4,ede61beae3361da86253c295dddf9ff3ac5e0c9901d07e1fe8161dc9c2d66ea7,846,28.5,28.520778,28.520778,0.020777999999999963,90,1080,1920,data/new_frames/video2/phase2_video2_t0028500_f000846.png,3d39b82570a3f1c87c054ce1f141f0e37241cee0e83195dcdd001de73ead4e12,f68a79e50e9e6a81985b4dd03f1602723fdbd6ade03433fee031355f1065a79f,999244,e5715553595d5d74,119.96590847439236,613.3769566304521,,,,unlabelled,UNASSIGNED,pending
phase2_video2_t0029000_f000861,video2,Video2.mp4,ede61beae3361da86253c295dddf9ff3ac5e0c9901d07e1fe8161dc9c2d66ea7,861,29.0,29.026078,29.026078,0.02607799999999827,90,1080,1920,data/new_frames/video2/phase2_video2_t0029000_f000861.png,9ec694274bc195b697f8b8952f0d52a2d3b63f1082b87eb4d80788c73003326c,f866d008820d5a80fdecfee016e0fb251910ffffd8eceee98092c0a8cf4224df,996470,e55955535ddd6d76,116.20747884114583,500.5794088840026,,,,unlabelled,UNASSIGNED,pending
phase2_video2_t0029500_f000876,video2,Video2.mp4,ede61beae3361da86253c295dddf9ff3ac5e0c9901d07e1fe8161dc9c2d66ea7,876,29.5,29.532144,29.532144,0.03214399999999884,90,1080,1920,data/new_frames/video2/phase2_video2_t0029500_f000876.png,08f523a40531ffa80dd048df0a78ba1fc8850298a24b85f95713c1258ee6ae22,6e1c6aabd02fb070068a93425c9aa380c11032ccceae0c2c3b2879944134396b,982479,e559595b5dcd5d76,119.29111735026042,598.710764159713,,,,unlabelled,UNASSIGNED,pending
phase2_video2_t0030000_f000890,video2,Video2.mp4,ede61beae3361da86253c295dddf9ff3ac5e0c9901d07e1fe8161dc9c2d66ea7,890,30.0,30.004122,30.004122,0.004121999999998849,90,1080,1920,data/new_frames/video2/phase2_video2_t0030000_f000890.png,f687d34d6e5eeea73b0d18a517d8594ac990ccbbc92041fcebb0f7b8fd82bb45,2c0be20b649c4bc7f3909568afad6a0affa0ee342ce9aae7bafcaa2a55d5ef9d,1037951,ed35575353dd6d76,124.86139594184027,607.9335145832579,,,,unlabelled,UNASSIGNED,pending
phase2_video2_t0030500_f000905,video2,Video2.mp4,ede61beae3361da86253c295dddf9ff3ac5e0c9901d07e1fe8161dc9c2d66ea7,905,30.5,30.509433,30.509433,0.009433000000001357,90,1080,1920,data/new_frames/video2/phase2_video2_t0030500_f000905.png,60e23d57b2d518f5bfcc359f6b16b7289c08f1e27da8f89b97ad2e5fb291afe5,9aa09101dad650f3fec957afff716eb6c52595f7671c9b27dd88886adccfcf9d,990221,e575755751dd6d76,120.70218234592014,583.7486474314866,,,,unlabelled,UNASSIGNED,pending
phase2_video2_t0031000_f000920,video2,Video2.mp4,ede61beae3361da86253c295dddf9ff3ac5e0c9901d07e1fe8161dc9c2d66ea7,920,31.0,31.0155,31.0155,0.015499999999999403,90,1080,1920,data/new_frames/video2/phase2_video2_t0031000_f000920.png,4d25ee4f58ecadd8eff162a1b06c7207937d54886b296f10ecdc8c0705a48777,aff0c01adef2b5b5c533cfcb143df97e5c952a41055bc448c47a3942590fa244,1022872,e571515359d54d74,119.61674669053819,593.5020828924061,,,,unlabelled,UNASSIGNED,pending
phase2_video2_t0031500_f000935,video2,Video2.mp4,ede61beae3361da86253c295dddf9ff3ac5e0c9901d07e1fe8161dc9c2d66ea7,935,31.5,31.520811,31.520811,0.02081099999999836,90,1080,1920,data/new_frames/video2/phase2_video2_t0031500_f000935.png,438c4cdf7c9193494f5952e4a73262477e6914cd7f12bf9a2a7e64a4aa160e05,6af2da861fbc0b212f902847065576ff986be28ef17bec9f9a9d52d4d02361a5,1019705,e55d555f69e55d36,117.86487494574652,577.6939068366256,,,,unlabelled,UNASSIGNED,pending
phase2_video2_t0032000_f000950,video2,Video2.mp4,ede61beae3361da86253c295dddf9ff3ac5e0c9901d07e1fe8161dc9c2d66ea7,950,32.0,32.026878,32.026878,0.02687800000000351,90,1080,1920,data/new_frames/video2/phase2_video2_t0032000_f000950.png,6692e2001bd71be954c59ff6156addda708da8c9453d444d6e009c0e04437019,6fc8fd246508b3f3914f3bfce4ff5027eb395a707efe202e8260c7a88fc3c510,1087438,dd5d696b6d6d7d76,116.98552110460069,562.4714793352709,,,,unlabelled,UNASSIGNED,pending
phase2_video2_t0032500_f000965,video2,Video2.mp4,ede61beae3361da86253c295dddf9ff3ac5e0c9901d07e1fe8161dc9c2d66ea7,965,32.5,32.532178,32.532178,0.032178000000001816,90,1080,1920,data/new_frames/video2/phase2_video2_t0032500_f000965.png,61fad9202663c0844e375d841ab4cf7145bf8791b129b3683326eb172c6234f5,52c4bbbfcfc836acf82e6c7b63836d900347cce20ca473c122bed4b064fff800,1058832,c55d596b6dd55d36,118.44407145182292,566.58149267195,,,,unlabelled,UNASSIGNED,pending
phase2_video2_t0033000_f000979,video2,Video2.mp4,ede61beae3361da86253c295dddf9ff3ac5e0c9901d07e1fe8161dc9c2d66ea7,979,33.0,33.004156,33.004156,0.004156000000001825,90,1080,1920,data/new_frames/video2/phase2_video2_t0033000_f000979.png,601e3ad944973f758f7c684808acd893cf299c0bf73c257102aacd6b20ddf4a0,81d25aa248ff0e3404a705e69faf055cbbccf9d8c86d662534d09fad72602c88,1146974,e559595b6d657d76,120.73914930555556,551.6243789944751,,,,unlabelled,UNASSIGNED,pending
phase2_video2_t0033500_f000994,video2,Video2.mp4,ede61beae3361da86253c295dddf9ff3ac5e0c9901d07e1fe8161dc9c2d66ea7,994,33.5,33.510222,33.510222,0.010221999999998843,90,1080,1920,data/new_frames/video2/phase2_video2_t0033500_f000994.png,07109447dab2284dd2bf22b64761af3650188031af4051b6e42360c472286d06,29992d7317d1dc9523f794afe9487322b7450273cd4c4d3b906f7142c4146a4a,1187603,e559715b6df53576,122.78145345052083,627.3014222879744,,,,unlabelled,UNASSIGNED,pending
phase2_video2_t0034000_f001009,video2,Video2.mp4,ede61beae3361da86253c295dddf9ff3ac5e0c9901d07e1fe8161dc9c2d66ea7,1009,34.0,34.015533,34.015533,0.015532999999997799,90,1080,1920,data/new_frames/video2/phase2_video2_t0034000_f001009.png,c74d4bcc32dc893dcc1f5c62f26402e4280bfe3fad88cf3d2362010143303369,830e239cbee33ed1d988c8391e98605f4bd9fb91c933e9b298384ce86d51f46b,1282347,e55d597b6d755d76,123.4232177734375,611.7586054566005,,,,unlabelled,UNASSIGNED,pending
phase2_video2_t0034500_f001024,video2,Video2.mp4,ede61beae3361da86253c295dddf9ff3ac5e0c9901d07e1fe8161dc9c2d66ea7,1024,34.5,34.5216,34.5216,0.021599999999999397,90,1080,1920,data/new_frames/video2/phase2_video2_t0034500_f001024.png,a401ebd5a6cef92e09f438acfa20a1c9a6cfa3213f691e34703c51c674720f0b,188473dbe6e326d2c4215d44ca5d5c77cbf4172718317e7bed0fce5e579f46e0,1259399,e55d797b4d655d76,122.69457329644098,447.3915507438374,,,,unlabelled,UNASSIGNED,pending
phase2_video2_t0035000_f001039,video2,Video2.mp4,ede61beae3361da86253c295dddf9ff3ac5e0c9901d07e1fe8161dc9c2d66ea7,1039,35.0,35.026911,35.026911,0.026910999999998353,90,1080,1920,data/new_frames/video2/phase2_video2_t0035000_f001039.png,f06360bde55df8aaadc3b8ba56b4440a847d18e612c62c0b573bac38bd9341f6,f6b8e121968c7ee71709acdd4f3b5959d8bdce920a308499e3d40a98ab981c36,1312642,d579555b6d7d5d76,120.51974148220486,600.9718709550798,,,,unlabelled,UNASSIGNED,pending
phase2_video2_t0035500_f001054,video2,Video2.mp4,ede61beae3361da86253c295dddf9ff3ac5e0c9901d07e1fe8161dc9c2d66ea7,1054,35.5,35.532978,35.532978,0.03297799999999995,90,1080,1920,data/new_frames/video2/phase2_video2_t0035500_f001054.png,7cf87861a10f2e81abaacd662ec3ab1428e9f811001afed0f3cc2ecd4195e027,26eb50cd2846ac7da687590ed5e0dc552ce92ddd7c44fec854eeb710f5e4f0bb,1284624,e5595953595d6d76,121.21776665581598,605.134218454315,,,,unlabelled,UNASSIGNED,pending
phase2_video2_t0036000_f001068,video2,Video2.mp4,ede61beae3361da86253c295dddf9ff3ac5e0c9901d07e1fe8161dc9c2d66ea7,1068,36.0,36.004944,36.004944,0.004944000000001836,90,1080,1920,data/new_frames/video2/phase2_video2_t0036000_f001068.png,fa9734a22481575b30b9b7829c0dba0d6bbf0f5569835b594ddc078b57e4da0d,52f4293995cc6151ac0c130015278e49ebd89844c49246b9c0ebb9f77d2ac808,1300701,e571795b51556d76,120.71794297960069,663.3870908282697,,,,unlabelled,UNASSIGNED,pending
phase2_video2_t0036500_f001083,video2,Video2.mp4,ede61beae3361da86253c295dddf9ff3ac5e0c9901d07e1fe8161dc9c2d66ea7,1083,36.5,36.510256,36.510256,0.010255999999998267,90,1080,1920,data/new_frames/video2/phase2_video2_t0036500_f001083.png,2b3bc328ba93cea1a0338408424f09994b737757839b4a3569ae7c8ef4ee1346,4e1f4ffd69e2519aa68bf63387b9156ae3e1785aabf942dd6f672766022521c0,1273853,a579515b51f56d76,120.03363715277777,622.1325833024342,,,,unlabelled,UNASSIGNED,pending
phase2_video2_t0037000_f001098,video2,Video2.mp4,ede61beae3361da86253c295dddf9ff3ac5e0c9901d07e1fe8161dc9c2d66ea7,1098,37.0,37.016322,37.016322,0.01632200000000239,90,1080,1920,data/new_frames/video2/phase2_video2_t0037000_f001098.png,b6de7c8d0006ae714ae6dc9390536f0702892a0d7d3ebf89b237108a9867acae,1f9918679a4832d8720a3eb6eb636e1a5b692008eb7d8afaca090e73e46949ef,1292466,e559515b71d56d76,119.79901123046875,631.6571262942422,,,,unlabelled,UNASSIGNED,pending
phase2_video2_t0037500_f001113,video2,Video2.mp4,ede61beae3361da86253c295dddf9ff3ac5e0c9901d07e1fe8161dc9c2d66ea7,1113,37.5,37.521633,37.521633,0.021633000000001346,90,1080,1920,data/new_frames/video2/phase2_video2_t0037500_f001113.png,0dbcd711b33dea1d8c50a821485f34716ffbf7cd9ce6047782376289e5385590,29ba2376f593fe973251248630bafc348f083616aee29a7bb034675854c33135,1275469,e571515359f52d76,117.84537760416667,635.6398259840997,,,,unlabelled,UNASSIGNED,pending
phase2_video2_t0038000_f001128,video2,Video2.mp4,ede61beae3361da86253c295dddf9ff3ac5e0c9901d07e1fe8161dc9c2d66ea7,1128,38.0,38.0277,38.0277,0.027700000000002944,90,1080,1920,data/new_frames/video2/phase2_video2_t0038000_f001128.png,3181d3946c4c81a19777a11cd370fd8fbd37fac2fce3c3f567d0e677a4c613fc,671bd138c4e901d1287150a43eff7f60738326df7a8091b62f3fa558433d712b,1308482,e571737771f52d76,116.93063015407986,626.2020485599376,,,,unlabelled,UNASSIGNED,pending
phase2_video2_t0038500_f001143,video2,Video2.mp4,ede61beae3361da86253c295dddf9ff3ac5e0c9901d07e1fe8161dc9c2d66ea7,1143,38.5,38.533011,38.533011,0.0330110000000019,90,1080,1920,data/new_frames/video2/phase2_video2_t0038500_f001143.png,0c77beb076898724a798a0d662369ac4dcae29bc4adee5aff3e7c29bc0a6ceab,f2bd2b55722f6b0613335b5fb70f7b186a0535c4135f26fd20700bf400967181,1289201,e575757369e52d56,116.75125461154514,630.8912878019942,,,,unlabelled,UNASSIGNED,pending
phase2_video2_t0039000_f001157,video2,Video2.mp4,ede61beae3361da86253c295dddf9ff3ac5e0c9901d07e1fe8161dc9c2d66ea7,1157,39.0,39.004978,39.004978,0.004978000000001259,90,1080,1920,data/new_frames/video2/phase2_video2_t0039000_f001157.png,38a8be2da652f1ec84bacbe0f2a344bd1b73b2db911291f659e3acff279d3dc1,ee75549c7eefd3a98ef0c2535c36da5d484921dc51668cdc73cc8514e359de8c,1321366,e575717775652d76,115.5740966796875,621.2497664785219,,,,unlabelled,UNASSIGNED,pending
phase2_video2_t0039500_f001172,video2,Video2.mp4,ede61beae3361da86253c295dddf9ff3ac5e0c9901d07e1fe8161dc9c2d66ea7,1172,39.5,39.511044,39.511044,0.011043999999998277,90,1080,1920,data/new_frames/video2/phase2_video2_t0039500_f001172.png,42858886f0450934c91d5d4ddd4d76f5850bddf766f50d0ee1675de89436f940,74f416d8b434a1894417c9c5e92c4508d1a33f7e42e557a584ee56a15a173c58,1266463,a5f9555b5d452d76,115.53550211588542,462.30391437311965,,,,unlabelled,UNASSIGNED,pending
phase2_video2_t0040000_f001187,video2,Video2.mp4,ede61beae3361da86253c295dddf9ff3ac5e0c9901d07e1fe8161dc9c2d66ea7,1187,40.0,40.016356,40.016356,0.016356000000001814,90,1080,1920,data/new_frames/video2/phase2_video2_t0040000_f001187.png,e1de8c900f1bd85f2f35c95644ed301e7064685f7e3f70b028bd039550b5430e,b1f3f983269ba5b07f6b7685e3a1a6f960f015b07eb4b007077046ad90243e8b,1300025,a5395d5f5d5d2d76,116.41474066840277,610.6246496025059,,,,unlabelled,UNASSIGNED,pending
phase2_video2_t0040500_f001202,video2,Video2.mp4,ede61beae3361da86253c295dddf9ff3ac5e0c9901d07e1fe8161dc9c2d66ea7,1202,40.5,40.522422,40.522422,0.022421999999998832,90,1080,1920,data/new_frames/video2/phase2_video2_t0040500_f001202.png,a2f57e16014c2f1d1f0f024d049bb1de3aafbaf3d1e2498805e41f21dd8530b5,2af68be069eb2924b74238b42e58c9ae8c6fbd0094abcfa2f3e4a1ec4a24b2dd,1278825,5d4d5d6f457d2d76,115.08884684244792,604.4680418055735,,,,unlabelled,UNASSIGNED,pending
phase2_video2_t0041000_f001217,video2,Video2.mp4,ede61beae3361da86253c295dddf9ff3ac5e0c9901d07e1fe8161dc9c2d66ea7,1217,41.0,41.027733,41.027733,0.027732999999997787,90,1080,1920,data/new_frames/video2/phase2_video2_t0041000_f001217.png,0f5fabd035d036b0721c2d5a3109dd73551940f3ed4fec720fdef2ff3d70a6a2,e55fc62f58fcae3134b0e288bd6df217d4ce4d35e252a21e5a4cf261a2bc912c,1365057,7d4d6d4f757d3d76,116.01842583550348,626.9136998001716,,,,unlabelled,UNASSIGNED,pending
phase2_video2_t0041500_f001232,video2,Video2.mp4,ede61beae3361da86253c295dddf9ff3ac5e0c9901d07e1fe8161dc9c2d66ea7,1232,41.5,41.5338,41.5338,0.033799999999999386,90,1080,1920,data/new_frames/video2/phase2_video2_t0041500_f001232.png,cf7df6882848b28e49c267daf71c58cb9c550591b8c1654da08c5a52282d0d3b,3b01a11c931f8236b59b798ed9a4587cf7e74c2b0dd8ca505a0e01c5c0a6daf9,1264947,5d454d6e755d3d76,116.46711561414931,632.1584742753134,,,,unlabelled,UNASSIGNED,pending
phase2_video2_t0042000_f001246,video2,Video2.mp4,ede61beae3361da86253c295dddf9ff3ac5e0c9901d07e1fe8161dc9c2d66ea7,1246,42.0,42.005778,42.005778,0.005777999999999395,90,1080,1920,data/new_frames/video2/phase2_video2_t0042000_f001246.png,5bf32ed8439dfd4798f062c9257b9c4df8e770fad63cd9ab9fee03b9573d3cce,5fc50e8ebec59ae242247328ebf339b8ea4151a8d02ef3ccfd423138f794039e,1348180,5d656d67657d3976,115.80288357204861,632.9077783335506,,,,unlabelled,UNASSIGNED,pending
phase2_video2_t0042500_f001261,video2,Video2.mp4,ede61beae3361da86253c295dddf9ff3ac5e0c9901d07e1fe8161dc9c2d66ea7,1261,42.5,42.511078,42.511078,0.0110779999999977,90,1080,1920,data/new_frames/video2/phase2_video2_t0042500_f001261.png,8ebf0025bc9341728813d5567538b9d68d1537756e101811b4595804ad729f40,539b83af2f60846b13c2653825a2e733ef3faa55cdef7e7c099217d4975a1cb2,1298857,5d456d777d6d3976,116.87955050998264,632.3647354044665,,,,unlabelled,UNASSIGNED,pending
phase2_video2_t0043000_f001276,video2,Video2.mp4,ede61beae3361da86253c295dddf9ff3ac5e0c9901d07e1fe8161dc9c2d66ea7,1276,43.0,43.017144,43.017144,0.017144000000001824,90,1080,1920,data/new_frames/video2/phase2_video2_t0043000_f001276.png,9d62c50f24ee50be34c79d59c251ea5cbf5303376b0383d7f3a38b335703c077,aacb75b01ba75e353b9e7ea211edee60b33826798c743f49eb7636470a91a3b6,1342203,5d6d6d76756d3976,119.479248046875,644.905271516492,,,,unlabelled,UNASSIGNED,pending
phase2_video2_t0043500_f001291,video2,Video2.mp4,ede61beae3361da86253c295dddf9ff3ac5e0c9901d07e1fe8161dc9c2d66ea7,1291,43.5,43.522456,43.522456,0.022455999999998255,90,1080,1920,data/new_frames/video2/phase2_video2_t0043500_f001291.png,c2d92e8a516edb257d1eee2b55ee19a78e0f2ab500a546bdd33685bcc49ccad7,4b1e2e86084215d3b307a4d79ae54e5defa66f95c502405e4ae6ef9199a75499,1325617,5d556d57797d3976,121.35902235243056,661.7632519300613,,,,unlabelled,UNASSIGNED,pending
phase2_video2_t0044000_f001306,video2,Video2.mp4,ede61beae3361da86253c295dddf9ff3ac5e0c9901d07e1fe8161dc9c2d66ea7,1306,44.0,44.028522,44.028522,0.02852200000000238,90,1080,1920,data/new_frames/video2/phase2_video2_t0044000_f001306.png,4ff5eb65f63f2f5d9e8ad959fff8c165597037c236f4e04c6e6f34f328c65af3,5756005767db507cb012a6f87f676d8bd1d34ae2d03f23e2fa456d505bcc82ad,1357578,75556d575d5d3976,121.69742838541667,650.9642815479066,,,,unlabelled,UNASSIGNED,pending
phase2_video2_t0044500_f001320,video2,Video2.mp4,ede61beae3361da86253c295dddf9ff3ac5e0c9901d07e1fe8161dc9c2d66ea7,1320,44.5,44.5005,44.5005,0.0005000000000023874,90,1080,1920,data/new_frames/video2/phase2_video2_t0044500_f001320.png,0791c53693a6bddf479dbe8449e6e15aa7cb57b457f7b4f8398acff40b2bcb3e,74f647b06b9a0b39d9f2e39311de55a30011ca4279ca4b83493ee43606de4739,1281531,55656d67755d3d76,121.96967909071181,654.5916614642389,,,,unlabelled,UNASSIGNED,pending
phase2_video2_t0045000_f001335,video2,Video2.mp4,ede61beae3361da86253c295dddf9ff3ac5e0c9901d07e1fe8161dc9c2d66ea7,1335,45.0,45.005811,45.005811,0.005811000000001343,90,1080,1920,data/new_frames/video2/phase2_video2_t0045000_f001335.png,c9c2131d1b047027c2d201623452bceb8f001ab583d49e59bb9eafd7a8fb2c8f,75b3e4c50ce6629b57e44363c3a79074ca64bcafaf19e9ac15c11be3adf847e0,1415665,5d556d57757d3d76,120.62854682074652,682.1099913285377,,,,unlabelled,UNASSIGNED,pending
phase2_video2_t0045500_f001350,video2,Video2.mp4,ede61beae3361da86253c295dddf9ff3ac5e0c9901d07e1fe8161dc9c2d66ea7,1350,45.5,45.511878,45.511878,0.011878000000002942,90,1080,1920,data/new_frames/video2/phase2_video2_t0045500_f001350.png,6550ecfbd7b129c0801c65b97ee4ac287a1d5582e43eacd863d5d028bdc56dea,4da721dc083dac5c510990b9d1ca4670898ed5f706f104cea0245dc43daa36eb,1280446,555555777d753976,120.55946180555556,568.1030063494857,,,,unlabelled,UNASSIGNED,pending
phase2_video2_t0046000_f001365,video2,Video2.mp4,ede61beae3361da86253c295dddf9ff3ac5e0c9901d07e1fe8161dc9c2d66ea7,1365,46.0,46.017178,46.017178,0.017178000000001248,90,1080,1920,data/new_frames/video2/phase2_video2_t0046000_f001365.png,ea6c4ec4eee7b9611a2c3d0a994c43525f13eaee461e90b668a887b470d75eb0,030d99d1d3d37c0aa586516deeb740860de7e783c03d6ba4b0276d05db28adc6,1326601,fb7565767d7d7974,118.65321858723958,439.6353070168859,,,,unlabelled,UNASSIGNED,pending
phase2_video3_t0000000_f000000,video3,Video3.mp4,a8d49b9218b774f3b8ec0480dcaaaca1f3d63f72442b9593d5608792cb3f8583,0,0.0,0.0,0.0107,0.0,90,2160,3840,data/new_frames/video3/phase2_video3_t0000000_f000000.png,9b2ca2c07701ac06f43299fda972b3bdb59b80339c3acb1f8105bfd786901091,3916b9403653dee5beadf637f26d23b45d04d6204c845bc5525dbaf94e135677,4741720,34b5f6f6eeec6d36,120.98961046006944,1103.6700202342536,,,,unlabelled,UNASSIGNED,pending
phase2_video3_t0000500_f000015,video3,Video3.mp4,a8d49b9218b774f3b8ec0480dcaaaca1f3d63f72442b9593d5608792cb3f8583,15,0.5,0.5,0.5107,0.0,90,2160,3840,data/new_frames/video3/phase2_video3_t0000500_f000015.png,a35b4877a0907be3d727cc46a13168a99c892b7faac62c9eecf2e5b9243e2148,4c7fbd830a816b6fd5c97ad0562e741f7d3408734e8fcd3bdac98208bb09266b,5515798,36bdfeeeeef6753e,120.08791775173611,879.9022275871702,,,,unlabelled,UNASSIGNED,pending
phase2_video3_t0001000_f000030,video3,Video3.mp4,a8d49b9218b774f3b8ec0480dcaaaca1f3d63f72442b9593d5608792cb3f8583,30,1.0,0.9999999999999999,1.0107,-1.1102230246251565e-16,90,2160,3840,data/new_frames/video3/phase2_video3_t0001000_f000030.png,22e7363e6624a076b296af99ae7b6e7bda2a99f6ad655d9654c13f0ad9597283,ef2ff230319bb374ec072b04889d0763e4986f2b55495edc71d638a7157e1a3d,5140653,22adeeeeefe4613c,124.66073947482639,827.3335145840215,,,,unlabelled,UNASSIGNED,pending
phase2_video3_t0001500_f000045,video3,Video3.mp4,a8d49b9218b774f3b8ec0480dcaaaca1f3d63f72442b9593d5608792cb3f8583,45,1.5,1.5,1.5107,0.0,90,2160,3840,data/new_frames/video3/phase2_video3_t0001500_f000045.png,67ed7db4779814f7f28fa9022c012a2bb08208881b1a1b91f9e05dff428a007a,f0a32c187c8127b7938b9abbd067d8c74946ba43bb91b476de93f2e67000bad9,5752085,123deceee5f5752d,120.63425021701389,956.4772411084009,,,,unlabelled,UNASSIGNED,pending
phase2_video3_t0002000_f000060,video3,Video3.mp4,a8d49b9218b774f3b8ec0480dcaaaca1f3d63f72442b9593d5608792cb3f8583,60,2.0,2.0,2.0107,0.0,90,2160,3840,data/new_frames/video3/phase2_video3_t0002000_f000060.png,465be74ee787266b056a61106b66aedf773610f90961b18e4d6365f75dc3693e,506b1dcbcb4a30ddafdd2ff1d4f27b8405eedd624e3e59d2bc4a53cc1cbc50c0,5499458,22bdeeeeefe6ed34,119.85409884982639,778.1567205786705,,,,unlabelled,UNASSIGNED,pending
phase2_video3_t0002500_f000075,video3,Video3.mp4,a8d49b9218b774f3b8ec0480dcaaaca1f3d63f72442b9593d5608792cb3f8583,75,2.5,2.5,2.5107,0.0,90,2160,3840,data/new_frames/video3/phase2_video3_t0002500_f000075.png,f5677e916c4f9114eda7772ea53b98b9ef19a1646ecf804f7c7f04ab4d8b41d8,6bdf6023f57cccb3e10b30870cb3e185b5667458bbb6d5ef8d285ac84a3f53a6,5736836,1235eceeedee6534,121.11667209201389,737.389815826061,,,,unlabelled,UNASSIGNED,pending
phase2_video3_t0003000_f000090,video3,Video3.mp4,a8d49b9218b774f3b8ec0480dcaaaca1f3d63f72442b9593d5608792cb3f8583,90,3.0,3.0,3.0107,0.0,90,2160,3840,data/new_frames/video3/phase2_video3_t0003000_f000090.png,5a757a8f63916a53afc737f28e4cb51f98cab2bc7e5f5f50ab5c6371a3aa16fa,21917eeb6ac22129f84a4d5623593c3ef7ae61b45ab1732cede9021d912b6dfc,5374949,12bcedeee7f5652c,123.943603515625,1021.1573802541344,,,,unlabelled,UNASSIGNED,pending
phase2_video3_t0003500_f000105,video3,Video3.mp4,a8d49b9218b774f3b8ec0480dcaaaca1f3d63f72442b9593d5608792cb3f8583,105,3.5,3.5,3.5107,0.0,90,2160,3840,data/new_frames/video3/phase2_video3_t0003500_f000105.png,1b3c48f293a620dc14f3db50817684c281cd1ef654225445edc22e494ecf7ca8,f457c8db68f3a4dcacb68186997786df89ad2725727dd6efc73dc196c5a31bc8,5732611,12bcedeeeded6534,118.04134792751736,829.6937318664551,,,,unlabelled,UNASSIGNED,pending
phase2_video3_t0004000_f000120,video3,Video3.mp4,a8d49b9218b774f3b8ec0480dcaaaca1f3d63f72442b9593d5608792cb3f8583,120,4.0,4.0,4.0107,0.0,90,2160,3840,data/new_frames/video3/phase2_video3_t0004000_f000120.png,fa898ac4eb12b7c42ae74df084b9a641cc383694c90b453b59138ebe49f2328a,89372e2eb5248bcd04e87aa5b66528c2dbfe45c50d514d271b96c262b4bd2c4e,4825660,123cedbeefef6d3c,125.13808186848958,834.0929236660401,,,,unlabelled,UNASSIGNED,pending
phase2_video3_t0004500_f000135,video3,Video3.mp4,a8d49b9218b774f3b8ec0480dcaaaca1f3d63f72442b9593d5608792cb3f8583,135,4.5,4.5,4.5107,0.0,90,2160,3840,data/new_frames/video3/phase2_video3_t0004500_f000135.png,377a4f8cd52e7bbde91ae69dd82c1787fbadd54f512bce8416fddcd8914842e8,8143c2822ec62dfb9456dbf51c8397f69cc434e5805b51ffd216aa657aee5907,5103197,34b5beeefffe7d34,119.61256917317708,1269.875011008463,,,,unlabelled,UNASSIGNED,pending
phase2_video3_t0005000_f000150,video3,Video3.mp4,a8d49b9218b774f3b8ec0480dcaaaca1f3d63f72442b9593d5608792cb3f8583,150,5.0,5.0,5.0107,0.0,90,2160,3840,data/new_frames/video3/phase2_video3_t0005000_f000150.png,94b41d7026fbd3bcccec1104dee49fd9b1c5d41c7e9f4531114332726ef323f7,e9fa8f82728cc0081bde1a74ea5844ad6e4672f6d43f5040444e5cecd82d3f9f,5689316,64bdfce6ade57555,122.04914686414931,885.9710292551252,,,,unlabelled,UNASSIGNED,pending
phase2_video3_t0005500_f000165,video3,Video3.mp4,a8d49b9218b774f3b8ec0480dcaaaca1f3d63f72442b9593d5608792cb3f8583,165,5.5,5.5,5.5107,0.0,90,2160,3840,data/new_frames/video3/phase2_video3_t0005500_f000165.png,0a20770d6b70eb5aa67a5ca8da0d07c5f8d15ba31c746d4fe5033b2355c77d80,552f585698428c8f1ed5bd6f66280aa9a2e9252142763d1ea07ffa2fdb970cc5,5216785,53ed6eecf5d55d35,120.16812472873264,885.0557642906076,,,,unlabelled,UNASSIGNED,pending
phase2_video3_t0006000_f000180,video3,Video3.mp4,a8d49b9218b774f3b8ec0480dcaaaca1f3d63f72442b9593d5608792cb3f8583,180,6.0,6.0,6.0107,0.0,90,2160,3840,data/new_frames/video3/phase2_video3_t0006000_f000180.png,1b682c3ce87fd45d8914429152f3c4d4e4ca101922f2db5b6ec0cfd67a14decc,b71082aca683d12d04e4b47051fa8f962ee73f9d760a2624dfdf40679bdf335e,5307837,7dbaf2eb76e66d74,126.05263943142361,562.097706662284,,,,unlabelled,UNASSIGNED,pending
phase2_video3_t0006500_f000195,video3,Video3.mp4,a8d49b9218b774f3b8ec0480dcaaaca1f3d63f72442b9593d5608792cb3f8583,195,6.5,6.5,6.5107,0.0,90,2160,3840,data/new_frames/video3/phase2_video3_t0006500_f000195.png,bde57564233ed0e5d0efd73199402f3e327f3763c4def8a6588d22fbbe3bed0f,43593da28a9bb811c8313f1d719be920d9858fa0a0f5f157d23364af9cb6e0c6,5191355,3fbde6ee77ef6d66,124.78963216145833,535.3211848404212,,,,unlabelled,UNASSIGNED,pending
phase2_video3_t0007000_f000210,video3,Video3.mp4,a8d49b9218b774f3b8ec0480dcaaaca1f3d63f72442b9593d5608792cb3f8583,210,7.0,7.0,7.0107,0.0,90,2160,3840,data/new_frames/video3/phase2_video3_t0007000_f000210.png,1b6a05361230552bb44d588400612051e88d4ab0648312bba0cc17253198227f,3926806bd79ca3bfbc827a8f35a338d9b40e050aabc8e38692058b436da22d84,5640272,2e6de66e6f677562,122.1231689453125,512.4907048629758,,,,unlabelled,UNASSIGNED,pending
phase2_video3_t0007500_f000225,video3,Video3.mp4,a8d49b9218b774f3b8ec0480dcaaaca1f3d63f72442b9593d5608792cb3f8583,225,7.5,7.5,7.5107,0.0,90,2160,3840,data/new_frames/video3/phase2_video3_t0007500_f000225.png,6b5d62385bcefe7b65093b05238b510b0b33bf436fe27214f2a0d033bd59a035,465f9bfc4c8deb3d0ef9d5ce7a2bf8fa0e44c852c466a354f6591d7cd72f5eb4,5182872,2aa5d954f5757d4d,123.88805474175348,493.884374551889,,,,unlabelled,UNASSIGNED,pending
phase2_video3_t0008000_f000240,video3,Video3.mp4,a8d49b9218b774f3b8ec0480dcaaaca1f3d63f72442b9593d5608792cb3f8583,240,8.0,8.0,8.0107,0.0,90,2160,3840,data/new_frames/video3/phase2_video3_t0008000_f000240.png,6ffdfbfc0d19a90201dde4109e839e2589ca73297e0a7629e2b1ac2d337a145a,4eba415f8357857f61645d9c5fb1e85160105ab991b5e19c1d9f9e249e3d40b4,5744533,7f65595155555de6,122.82144504123264,599.2546476566773,,,,unlabelled,UNASSIGNED,pending
phase2_video3_t0008500_f000255,video3,Video3.mp4,a8d49b9218b774f3b8ec0480dcaaaca1f3d63f72442b9593d5608792cb3f8583,255,8.5,8.5,8.5107,0.0,90,2160,3840,data/new_frames/video3/phase2_video3_t0008500_f000255.png,1c9efca1937a31ef2489e7710f2e7808bb79198a67091150486e28ba39a7cfb0,ef04aa7f514e8108b35ebcd4d2ab8d0acec9d752be9036f0e7dc0e758dba5bd4,5335908,bee5d17277676f26,127.76260036892361,571.9827473840596,,,,unlabelled,UNASSIGNED,pending
phase2_video3_t0009000_f000270,video3,Video3.mp4,a8d49b9218b774f3b8ec0480dcaaaca1f3d63f72442b9593d5608792cb3f8583,270,9.0,9.0,9.0107,0.0,90,2160,3840,data/new_frames/video3/phase2_video3_t0009000_f000270.png,3c8a32dea6fce9ea7d927e751a888a329d0ccd5fd69546fd3c9c90e2b75b0b6d,e9097ddbd2bf2bff8a9a75f8b4287a2e0468dea36e1796a8c6da3b73574a7c9b,5185354,dee5595677577726,122.63839382595486,522.4302842410993,,,,unlabelled,UNASSIGNED,pending
phase2_video3_t0009500_f000285,video3,Video3.mp4,a8d49b9218b774f3b8ec0480dcaaaca1f3d63f72442b9593d5608792cb3f8583,285,9.5,9.5,9.5107,0.0,90,2160,3840,data/new_frames/video3/phase2_video3_t0009500_f000285.png,c13314d08c88f1e95f234c70d9b8788dc973d2cd2727819c6a532c676c9d12df,f5287240e3d863ce76369cfb18dd8a289177b0626adf92900bd12e66034ce602,4489984,dfe5666e676a5bba,123.32291666666667,569.7942765899647,,,,unlabelled,UNASSIGNED,pending
phase2_video3_t0010000_f000300,video3,Video3.mp4,a8d49b9218b774f3b8ec0480dcaaaca1f3d63f72442b9593d5608792cb3f8583,300,10.0,10.0,10.0107,0.0,90,2160,3840,data/new_frames/video3/phase2_video3_t0010000_f000300.png,24697c62a36a083e769aafa3cd6f9ddf5494c5a8ddcf14e15a78d040fc3b597c,1d23ab770ae92ba6467ca4c0d82164c3afc941442a1d46dbf738ef7879e9eba1,5523600,d7bdcafbfd7435b2,122.70092095269098,608.0151155743702,,,,unlabelled,UNASSIGNED,pending
phase2_video3_t0010500_f000315,video3,Video3.mp4,a8d49b9218b774f3b8ec0480dcaaaca1f3d63f72442b9593d5608792cb3f8583,315,10.5,10.5,10.5107,0.0,90,2160,3840,data/new_frames/video3/phase2_video3_t0010500_f000315.png,debb31d50d8be2d85195180aab399978c9d1290f85a169391d8c6b1131795f95,5fc77227513fa7397f068fad0504076548ec8bd386aacb0afdb4ef531128d3ff,5455036,63ee6e666f6f67aa,119.95491536458333,647.8815859169412,,,,unlabelled,UNASSIGNED,pending
phase2_video3_t0011000_f000330,video3,Video3.mp4,a8d49b9218b774f3b8ec0480dcaaaca1f3d63f72442b9593d5608792cb3f8583,330,11.0,11.0,11.0107,0.0,90,2160,3840,data/new_frames/video3/phase2_video3_t0011000_f000330.png,a2bedcec84d922488a722dd704f9de65a0158f5f2b537086e141c240c68f1876,a4cfbf81011beb4a80a36f1d1ae4c4141fa7b22ff10ba3e09180545bc375d3e2,5837688,25ae765fd652763a,114.61545817057292,596.8268227282865,,,,unlabelled,UNASSIGNED,pending
phase2_video3_t0011500_f000345,video3,Video3.mp4,a8d49b9218b774f3b8ec0480dcaaaca1f3d63f72442b9593d5608792cb3f8583,345,11.5,11.5,11.5107,0.0,90,2160,3840,data/new_frames/video3/phase2_video3_t0011500_f000345.png,f306815383fb19933bb3a241430b6bd788243603aecd95322cd77c4ddcf6ed1d,22f47c369e2334b8ba1c6b4c5a633590342273af7b0c998c7059b7ebf7cf4743,5609055,4f79f676f757775f,117.40170627170139,509.10905475707517,,,,unlabelled,UNASSIGNED,pending
phase2_video3_t0012000_f000360,video3,Video3.mp4,a8d49b9218b774f3b8ec0480dcaaaca1f3d63f72442b9593d5608792cb3f8583,360,12.0,12.0,12.0107,0.0,90,2160,3840,data/new_frames/video3/phase2_video3_t0012000_f000360.png,a19b6b8df3ccd8fb6761d115c4bbe6a72f1add04b4fe2335f9e7ab2433920c45,df312ee920ffd60f43126e47fe5ce436e0d007b820d585dd14a176329e3cf8b1,6188283,5fed7e5b5f5a5b6e,121.26848687065973,548.3179459025463,,,,unlabelled,UNASSIGNED,pending
phase2_video3_t0012500_f000375,video3,Video3.mp4,a8d49b9218b774f3b8ec0480dcaaaca1f3d63f72442b9593d5608792cb3f8583,375,12.5,12.5,12.5107,0.0,90,2160,3840,data/new_frames/video3/phase2_video3_t0012500_f000375.png,b4329e740715dcfc3bb77c007c09e1aa2af6ed3017f36aea97194b29ff5bfbaa,27357b8a23b7b543ffc93cbf3f0acd89b77fce94a9e5387e932b48405d3d1f4d,6028862,ffad6e676b6a6aee,122.07413736979167,554.4683454814884,,,,unlabelled,UNASSIGNED,pending
phase2_video3_t0013000_f000390,video3,Video3.mp4,a8d49b9218b774f3b8ec0480dcaaaca1f3d63f72442b9593d5608792cb3f8583,390,13.0,13.0,13.0107,0.0,90,2160,3840,data/new_frames/video3/phase2_video3_t0013000_f000390.png,737b7ca97b127ee5d87e488694b9d3b2055664fc4b40940046ba5a602815b62f,f015ba38b6b0bb0873084744ff5f211da211fa6202a141d1f83e32d4ffb13299,6672155,6fbd7a9d7577adb6,122.94413248697917,804.6565381847322,,,,unlabelled,UNASSIGNED,pending
phase2_video3_t0013500_f000405,video3,Video3.mp4,a8d49b9218b774f3b8ec0480dcaaaca1f3d63f72442b9593d5608792cb3f8583,405,13.5,13.5,13.5107,0.0,90,2160,3840,data/new_frames/video3/phase2_video3_t0013500_f000405.png,a506a11e4b0ac3c4ed36eac4a383c70e6e18b2b921191e2be216f78521b28400,24a68829d9b65e5af482c753601bccc1f9c0ef0dc4eacf1dfb1f14868ca534dc,6711868,f5fdfa7475b5edb3,114.80724419487848,770.8425495127378,,,,unlabelled,UNASSIGNED,pending
phase2_video3_t0014000_f000420,video3,Video3.mp4,a8d49b9218b774f3b8ec0480dcaaaca1f3d63f72442b9593d5608792cb3f8583,420,14.0,14.0,14.0107,0.0,90,2160,3840,data/new_frames/video3/phase2_video3_t0014000_f000420.png,9a06e27f65c20964ae00add9440ec6af10d78ff556d759033b8ddee148f52f3c,1b5f37c74e05fc36cd056e98bd3969dcd2d43a09dedd502de7872b43801a8af9,6329599,f5fd66666f67efb6,109.60548909505208,749.4330017020305,,,,unlabelled,UNASSIGNED,pending
phase2_video3_t0014500_f000435,video3,Video3.mp4,a8d49b9218b774f3b8ec0480dcaaaca1f3d63f72442b9593d5608792cb3f8583,435,14.5,14.5,14.5107,0.0,90,2160,3840,data/new_frames/video3/phase2_video3_t0014500_f000435.png,3e3c691d5f87d7a938d5fcfd8522ca631bf62d14b3af0ab699e063d071b6d298,150f873f6c4f3d6d06fc9858ebb565977d3511203695cf72492c596a4d8681ce,6757809,bd4d79fa7f69777c,103.67098659939236,843.9011105666926,,,,unlabelled,UNASSIGNED,pending
phase2_video3_t0015000_f000450,video3,Video3.mp4,a8d49b9218b774f3b8ec0480dcaaaca1f3d63f72442b9593d5608792cb3f8583,450,15.0,15.0,15.0107,0.0,90,2160,3840,data/new_frames/video3/phase2_video3_t0015000_f000450.png,546d4fd16595b48e4467d9e74d287a1cde7087c4eb4667d373c495fcb0cfb100,643c280be5edc5e7f5f1e0ecbdb8cfafc6f3807d8b1f03d1299d14453e10c158,6680880,bd7d69ea6b397ba4,104.49771457248264,916.5970225393038,,,,unlabelled,UNASSIGNED,pending
phase2_video3_t0015500_f000465,video3,Video3.mp4,a8d49b9218b774f3b8ec0480dcaaaca1f3d63f72442b9593d5608792cb3f8583,465,15.5,15.5,15.5107,0.0,90,2160,3840,data/new_frames/video3/phase2_video3_t0015500_f000465.png,aa26e8e94e14da3b8fec11ccbbae843bdc1aebd6bbf16da64d1724b421a6b5bc,69b2f7b29edc06c5989dab0ea060a662d40340c14cd7525eaaa602cc78f2792c,7513309,bdf95dba7577795c,103.07088216145833,1322.9764614678736,,,,unlabelled,UNASSIGNED,pending
