model,backend,fold,seed,run_id,bbox_map_50_95,bbox_map_50,segm_map_50_95,segm_map_50,tread_iou,tread_dice,tread_boundary_f1_2px,tyre_iou,tyre_dice,tyre_boundary_f1_2px
unet_r34,semantic,0,1,unet_r34-f0-s1,0.9390982369667867,1.0,0.975363154104848,1.0,0.9652304287671122,0.9822097131375627,0.3531217988706178,0.9702606341564363,0.9848096305849039,0.4085643405256437
unet_r34,semantic,0,2,unet_r34-f0-s2,0.9437087980286253,1.0,0.9935297980200435,1.0,0.970127991551542,0.9847981422133448,0.33918292603641376,0.9740576184731395,0.9868162284872831,0.4019301089113132
unet_r34,semantic,0,3,unet_r34-f0-s3,1.0,1.0,1.0,1.0,0.9767101097288352,0.98820410466036,0.3904212517685327,0.9817641133672249,0.9907865877118036,0.45534787326743115
unet_r34,semantic,1,1,unet_r34-f1-s1,0.8765087320329823,1.0,0.9945119121287128,1.0,0.9724442460601158,0.9859853226583907,0.3722672844509524,0.9840933576590223,0.9919744432214412,0.4786722432737231
unet_r34,semantic,1,2,unet_r34-f1-s2,0.984877955334514,1.0,0.9976305470998494,1.0,0.9713471622352856,0.9854176883001193,0.34746606218547194,0.9831682413316509,0.9915031749696492,0.4320330159660213
unet_r34,semantic,1,3,unet_r34-f1-s3,0.8809966585044074,1.0,0.9989746287128713,1.0,0.9726918306991341,0.9861152028777567,0.354866591641383,0.9832526036613238,0.991545707419411,0.4429932266401077
unet_r34,semantic,2,1,unet_r34-f2-s1,1.0,1.0,1.0,1.0,0.9783938763492555,0.9890654972887858,0.32788185090916333,0.9812751810937866,0.990540671897874,0.37923877978279885
unet_r34,semantic,2,2,unet_r34-f2-s2,1.0,1.0,1.0,1.0,0.9798550786749077,0.9898107237655881,0.35467993232271283,0.9823276764429719,0.9910755035681547,0.40271316620605585
unet_r34,semantic,2,3,unet_r34-f2-s3,1.0,1.0,1.0,1.0,0.9797012110977228,0.9897318122488019,0.35328794597911534,0.9792938616781406,0.9895296963402487,0.35247292388980317
deeplabv3plus_r34,semantic,0,1,deeplabv3plus_r34-f0-s1,0.9994463962525285,1.0,1.0,1.0,0.9779677885723694,0.9888469814018975,0.36284043675710115,0.9814207444093918,0.9906109860986781,0.42531540406902096
deeplabv3plus_r34,semantic,0,2,deeplabv3plus_r34-f0-s2,1.0,1.0,1.0,1.0,0.9781718036436375,0.9889504896008949,0.37080103201571535,0.9824777155982565,0.9911502448629518,0.43517033462171656
deeplabv3plus_r34,semantic,0,3,deeplabv3plus_r34-f0-s3,1.0,1.0,1.0,1.0,0.9790240390946956,0.9893870310506685,0.38047121268482886,0.9827750348359774,0.9913016284990492,0.4401760813010449
deeplabv3plus_r34,semantic,1,1,deeplabv3plus_r34-f1-s1,0.9872848997245908,1.0,0.9957901301941219,1.0,0.971536190840607,0.9855178431581051,0.3631639244961328,0.9835341360483691,0.9916898924739221,0.4670147895915696
deeplabv3plus_r34,semantic,1,2,deeplabv3plus_r34-f1-s2,0.9828415150112971,1.0,0.9988461838309816,1.0,0.9724114097398262,0.9859696918828544,0.36387306057352475,0.9833019292114931,0.9915715985496125,0.4489480898224272
deeplabv3plus_r34,semantic,1,3,deeplabv3plus_r34-f1-s3,0.9882465514516746,1.0,0.995614527559693,1.0,0.9713287596385709,0.9854113824503143,0.3525880577960717,0.9833016427311358,0.991572259394695,0.44673055943710654
deeplabv3plus_r34,semantic,2,1,deeplabv3plus_r34-f2-s1,0.999243145468393,1.0,1.0,1.0,0.9794851703096834,0.9896266979087845,0.3785002667055211,0.9819789246626718,0.9908983884326047,0.39485482522015425
deeplabv3plus_r34,semantic,2,2,deeplabv3plus_r34-f2-s2,1.0,1.0,1.0,1.0,0.9791669960752275,0.9894663335091767,0.34618128577380397,0.9807199094874595,0.9902577101038438,0.3677777550803501
deeplabv3plus_r34,semantic,2,3,deeplabv3plus_r34-f2-s3,1.0,1.0,1.0,1.0,0.9786551927068264,0.989203506867515,0.3588227278970639,0.9813609824415399,0.9905848682454023,0.3804766174714522
segformer_b0,semantic,0,1,segformer_b0-f0-s1,0.9900551965866562,1.0,1.0,1.0,0.9801271772427603,0.9899519880213269,0.4195613922036591,0.9828685913826692,0.9913469179539012,0.451793449781271
segformer_b0,semantic,0,2,segformer_b0-f0-s2,0.9946113062919195,1.0,1.0,1.0,0.9779285708304432,0.9888281341478428,0.38213104420297733,0.9838932318578283,0.9918699198331836,0.46082258608476306
segformer_b0,semantic,0,3,segformer_b0-f0-s3,1.0,1.0,1.0,1.0,0.9805249658171327,0.9901548028512592,0.43164218571807106,0.9842985446516149,0.9920755154300857,0.49804838531941154
segformer_b0,semantic,1,1,segformer_b0-f1-s1,0.8739232217652515,1.0,0.9963636122369105,1.0,0.9703454075583133,0.9849018806347978,0.34937055331717076,0.9772746217235169,0.9884799972103397,0.39946751811420433
segformer_b0,semantic,1,2,segformer_b0-f1-s2,0.9212549661380532,1.0,0.9993425123762376,1.0,0.9746242080709295,0.987114984095509,0.3781271648141128,0.9821336144534276,0.9909763779074614,0.43073295718160826
segformer_b0,semantic,1,3,segformer_b0-f1-s3,0.9405049472457359,1.0,0.9993695853960396,1.0,0.9761886744638177,0.9879235165815976,0.3902396627719364,0.9823845935241171,0.9911049761483766,0.431057327603553
segformer_b0,semantic,2,1,segformer_b0-f2-s1,1.0,1.0,1.0,1.0,0.9796932752035539,0.9897251828999208,0.37343529967488653,0.9812828469875898,0.9905403792173957,0.39305573302029456
segformer_b0,semantic,2,2,segformer_b0-f2-s2,1.0,1.0,1.0,1.0,0.9793531271748416,0.9895479941873071,0.37281277139312424,0.9801402116254676,0.9899589026879462,0.3661278573499853
segformer_b0,semantic,2,3,segformer_b0-f2-s3,1.0,1.0,1.0,1.0,0.9796653606375032,0.9897090521038275,0.3786908894865914,0.9814778626541028,0.990642194014931,0.3900540698044586
segformer_b2,semantic,0,1,segformer_b2-f0-s1,0.999417119131268,1.0,0.9986159906313212,1.0,0.9778311379711364,0.9887707334396663,0.3949965408129974,0.9831367523646931,0.9914860651236406,0.4651523927106453
segformer_b2,semantic,0,2,segformer_b2-f0-s2,0.9946044335616357,1.0,0.9993159799850952,1.0,0.9783678803355217,0.9890494967186844,0.39544955580365354,0.983152543312728,0.9914930152263712,0.4619414411255944
segformer_b2,semantic,0,3,segformer_b2-f0-s3,0.9994650271478761,1.0,0.999382518897051,1.0,0.9782219579474184,0.9889703268028378,0.39263213079062353,0.9832570238986929,0.9915468629197429,0.46127410573968664
segformer_b2,semantic,1,1,segformer_b2-f1-s1,0.9926764601327154,1.0,1.0,1.0,0.975736996504011,0.9876920338291733,0.372104854772853,0.9834705961015864,0.9916597221191918,0.4414996532916619
segformer_b2,semantic,1,2,segformer_b2-f1-s2,0.9914462252319506,1.0,1.0,1.0,0.9761123514925416,0.9878831626323896,0.38258011697713934,0.9842479762831785,0.9920538313603982,0.453118079628968
segformer_b2,semantic,1,3,segformer_b2-f1-s3,0.9455839752888268,1.0,0.9994662747524753,1.0,0.9752278936776229,0.9874297243405349,0.36766061541046813,0.9839655824754059,0.9919099542139291,0.45131981654667874
segformer_b2,semantic,2,1,segformer_b2-f2-s1,1.0,1.0,1.0,1.0,0.9802058349650511,0.9899946300203758,0.36035516665818135,0.9812170283393054,0.990507216710626,0.3945250623078784
segformer_b2,semantic,2,2,segformer_b2-f2-s2,1.0,1.0,1.0,1.0,0.9813254106551714,0.9905683294231559,0.3775706018469211,0.9827093231555053,0.9912704126926849,0.406438459701855
segformer_b2,semantic,2,3,segformer_b2-f2-s3,1.0,1.0,1.0,1.0,0.9812867780275742,0.9905473162391554,0.38087959576873465,0.9823767404090477,0.9911010443685415,0.4154986286944627
yolo26n_det,yolo,0,1,yolo26n_det-f0-s1,0.9871029277717326,0.9917048462526759,,,,,,,,
yolo26n_det,yolo,0,2,yolo26n_det-f0-s2,0.9970669428485787,1.0,,,,,,,,
yolo26n_det,yolo,0,3,yolo26n_det-f0-s3,0.9670857675333505,0.9696652478063503,,,,,,,,
yolo26n_det,yolo,1,1,yolo26n_det-f1-s1,0.9515520854133079,0.9906099590881037,,,,,,,,
yolo26n_det,yolo,1,2,yolo26n_det-f1-s2,0.9552479829145027,0.9964429303504198,,,,,,,,
yolo26n_det,yolo,1,3,yolo26n_det-f1-s3,0.9515330573304155,0.9820201264474718,,,,,,,,
yolo26n_det,yolo,2,1,yolo26n_det-f2-s1,0.9952066701615233,0.9959559419050146,,,,,,,,
yolo26n_det,yolo,2,2,yolo26n_det-f2-s2,0.9778239076039503,0.9778239076039503,,,,,,,,
yolo26n_det,yolo,2,3,yolo26n_det-f2-s3,0.9781833859276386,0.9814175295825617,,,,,,,,
yolo26s_det,yolo,0,1,yolo26s_det-f0-s1,0.9943279439377362,0.9954329418386219,,,,,,,,
yolo26s_det,yolo,0,2,yolo26s_det-f0-s2,0.9986246237089066,0.9987050090948437,,,,,,,,
yolo26s_det,yolo,0,3,yolo26s_det-f0-s3,0.9966869681388056,1.0,,,,,,,,
yolo26s_det,yolo,1,1,yolo26s_det-f1-s1,0.9597536039903095,1.0,,,,,,,,
yolo26s_det,yolo,1,2,yolo26s_det-f1-s2,0.9582096356045549,0.9990944256692917,,,,,,,,
yolo26s_det,yolo,1,3,yolo26s_det-f1-s3,0.9644747191364034,1.0,,,,,,,,
yolo26s_det,yolo,2,1,yolo26s_det-f2-s1,0.9975660066006601,1.0,,,,,,,,
yolo26s_det,yolo,2,2,yolo26s_det-f2-s2,0.997041221921167,1.0,,,,,,,,
yolo26s_det,yolo,2,3,yolo26s_det-f2-s3,0.9978641599280589,1.0,,,,,,,,
yolo26n_seg,yolo,0,1,yolo26n_seg-f0-s1,0.9924118444457364,0.9925263862596677,0.9925263862596678,0.9925263862596677,0.9083259516214667,0.919078532564691,0.2647133384542533,0.920861098381202,0.9307419050581335,0.3184723940018576
yolo26n_seg,yolo,0,2,yolo26n_seg-f0-s2,0.9842520400870208,0.9868968881206611,0.9868968881206611,0.9868968881206611,0.9573015072115255,0.9677653675686679,0.3365980219439718,0.9735931969347924,0.9839842214359767,0.3250266217258865
yolo26n_seg,yolo,0,3,yolo26n_seg-f0-s3,0.9713279096351634,0.972528743570646,0.9725287435706461,0.972528743570646,0.8563361180055511,0.8662137712576785,0.29590743381376466,0.958514601675766,0.9683908630931903,0.32059184743114316
yolo26n_seg,yolo,1,1,yolo26n_seg-f1-s1,0.9517916492347492,0.9859211630834918,0.9624091186598243,0.9859211630834918,0.936146864102184,0.955849417448921,0.23123233374883068,0.73961299694093,0.7485950294264925,0.1848159379946045
yolo26n_seg,yolo,1,2,yolo26n_seg-f1-s2,0.9489199025414433,0.9866996442950811,0.9566177964325476,0.9866996442950811,0.8528008126576009,0.871248332910534,0.14554851896293808,0.9730669111263915,0.9863413240826797,0.19106759548207744
yolo26n_seg,yolo,1,3,yolo26n_seg-f1-s3,0.9554138401751993,0.9842955697773579,0.9576779847298392,0.9842955697773579,0.785512153056034,0.8024685221068706,0.1909857684672788,0.9754163366609034,0.9875489926862728,0.2695011729154807
yolo26n_seg,yolo,2,1,yolo26n_seg-f2-s1,0.9731826717097978,0.9737939737627638,0.9733155211080546,0.9737939737627638,0.9190296334332279,0.9304982716679652,0.2863029622235722,0.8361307536200844,0.8458267786409649,0.2885227071375789
yolo26n_seg,yolo,2,2,yolo26n_seg-f2-s2,0.9973147750839015,0.998666204239972,0.9986662042399721,0.998666204239972,0.9759854201150039,0.9878382653079054,0.3279800509975273,0.9804164817853734,0.9901026284807101,0.3801009012345291
yolo26n_seg,yolo,2,3,yolo26n_seg-f2-s3,0.9935961749807075,0.9967608924392319,0.9959911401904864,0.9967608924392319,0.8525093023735676,0.8635862489331599,0.258228565385108,0.9790285170007904,0.9893950846220572,0.3325134982976979
yolo26s_seg,yolo,0,1,yolo26s_seg-f0-s1,0.9923980131036119,0.9982341093391615,0.9982341093391615,0.9982341093391615,0.9753867815884965,0.9875246570625336,0.2995982054805057,0.980393932607535,0.9900884027500241,0.38217246345877015
yolo26s_seg,yolo,0,2,yolo26s_seg-f0-s2,0.9994783349302673,1.0,1.0,1.0,0.9760501804301913,0.987867681919026,0.3268109425627876,0.9803218531076826,0.9900471207086363,0.39227086550347584
yolo26s_seg,yolo,0,3,yolo26s_seg-f0-s3,0.9911524465788104,0.9948527486107943,0.9948527486107943,0.9948527486107943,0.9754442277543712,0.9875567990005858,0.3202624681058231,0.9794657330632784,0.9896122243624281,0.3893668088473695
yolo26s_seg,yolo,1,1,yolo26s_seg-f1-s1,0.9569491570538731,0.9977870401554987,0.9724607332169883,0.9977870401554987,0.9453421523276333,0.9644175030985309,0.27412404892249176,0.9793195162352356,0.9895450726726549,0.3531063164286101
yolo26s_seg,yolo,1,2,yolo26s_seg-f1-s2,0.942227177316758,0.9766776464278442,0.9521498836703456,0.9766776464278442,0.6682698630997203,0.6814760630695794,0.18128929296276408,0.9599564304177991,0.9720002938436159,0.2600774877372105
yolo26s_seg,yolo,1,3,yolo26s_seg-f1-s3,0.9576245179503288,1.0,0.9618348091911464,1.0,0.9552058962416718,0.9769817110764549,0.2232841920604876,0.9768666904992653,0.9882871747729172,0.2864529537382203
yolo26s_seg,yolo,2,1,yolo26s_seg-f2-s1,0.9860422993038446,0.9999528524281,0.9999528524281,0.9999528524281,0.9703748809723529,0.9849550610940342,0.2742335262188601,0.9764150937380044,0.988058544789501,0.33680675151570844
yolo26s_seg,yolo,2,2,yolo26s_seg-f2-s2,0.9744277203528898,0.9893283418708382,0.9773963267237146,0.9893283418708382,0.8960023988699543,0.9138829245878247,0.22705162964189513,0.9789980713639567,0.9893764904968152,0.35769309118410536
yolo26s_seg,yolo,2,3,yolo26s_seg-f2-s3,0.9980699077189271,0.9999528524281,0.9989868764962487,0.9999528524281,0.9758009313960456,0.9877456452843263,0.32278071957267834,0.9587932690339245,0.969643902190055,0.3604269724762143
rtdetrv2_r18,rtdetr,0,1,rtdetrv2_r18-f0-s1,0.9228315888006364,0.9247615419698749,,,,,,,,
rtdetrv2_r18,rtdetr,0,2,rtdetrv2_r18-f0-s2,0.7576098774227988,0.767279700222994,,,,,,,,
rtdetrv2_r18,rtdetr,0,3,rtdetrv2_r18-f0-s3,0.9250155188802665,0.9254271767099327,,,,,,,,
rtdetrv2_r18,rtdetr,1,1,rtdetrv2_r18-f1-s1,0.9541195243351244,0.9817441081480622,,,,,,,,
rtdetrv2_r18,rtdetr,1,2,rtdetrv2_r18-f1-s2,0.9075139063736294,0.9285712441062683,,,,,,,,
rtdetrv2_r18,rtdetr,1,3,rtdetrv2_r18-f1-s3,0.9605484982826722,0.9914727459454992,,,,,,,,
rtdetrv2_r18,rtdetr,2,1,rtdetrv2_r18-f2-s1,0.9983111633146236,1.0,,,,,,,,
rtdetrv2_r18,rtdetr,2,2,rtdetrv2_r18-f2-s2,0.8944703706824373,0.8976284572848016,,,,,,,,
rtdetrv2_r18,rtdetr,2,3,rtdetrv2_r18-f2-s3,1.0,1.0,,,,,,,,
