model,backend,fold,seed,run_id,mode,macro_f1,accuracy,fallback_count,n,delta_macro_f1_vs_full
unet_r34,semantic,0,1,unet_r34-f0-s1,full,1.0,1.0,0,186,0.0
unet_r34,semantic,0,1,unet_r34-f0-s1,oracle_tread,1.0,1.0,0,186,0.0
unet_r34,semantic,0,1,unet_r34-f0-s1,oracle_tyre,1.0,1.0,0,186,0.0
unet_r34,semantic,0,1,unet_r34-f0-s1,pred_tread,1.0,1.0,0,186,0.0
unet_r34,semantic,0,1,unet_r34-f0-s1,pred_tyre,1.0,1.0,0,186,0.0
unet_r34,semantic,0,2,unet_r34-f0-s2,full,1.0,1.0,0,186,0.0
unet_r34,semantic,0,2,unet_r34-f0-s2,oracle_tread,1.0,1.0,0,186,0.0
unet_r34,semantic,0,2,unet_r34-f0-s2,oracle_tyre,1.0,1.0,0,186,0.0
unet_r34,semantic,0,2,unet_r34-f0-s2,pred_tread,1.0,1.0,0,186,0.0
unet_r34,semantic,0,2,unet_r34-f0-s2,pred_tyre,1.0,1.0,0,186,0.0
unet_r34,semantic,0,3,unet_r34-f0-s3,full,1.0,1.0,0,186,0.0
unet_r34,semantic,0,3,unet_r34-f0-s3,oracle_tread,1.0,1.0,0,186,0.0
unet_r34,semantic,0,3,unet_r34-f0-s3,oracle_tyre,1.0,1.0,0,186,0.0
unet_r34,semantic,0,3,unet_r34-f0-s3,pred_tread,1.0,1.0,0,186,0.0
unet_r34,semantic,0,3,unet_r34-f0-s3,pred_tyre,1.0,1.0,0,186,0.0
unet_r34,semantic,1,1,unet_r34-f1-s1,full,0.6203703703703703,0.84375,0,128,0.0
unet_r34,semantic,1,1,unet_r34-f1-s1,oracle_tread,0.6203703703703703,0.84375,0,128,0.0
unet_r34,semantic,1,1,unet_r34-f1-s1,oracle_tyre,0.6203703703703703,0.84375,0,128,0.0
unet_r34,semantic,1,1,unet_r34-f1-s1,pred_tread,0.6203703703703703,0.84375,0,128,0.0
unet_r34,semantic,1,1,unet_r34-f1-s1,pred_tyre,0.6203703703703703,0.84375,0,128,0.0
unet_r34,semantic,1,2,unet_r34-f1-s2,full,0.7533647706061499,0.84375,0,128,0.0
unet_r34,semantic,1,2,unet_r34-f1-s2,oracle_tread,0.2843084047903325,0.3671875,0,128,-0.4690563658158174
unet_r34,semantic,1,2,unet_r34-f1-s2,oracle_tyre,0.3149583692219351,0.390625,0,128,-0.4384064013842148
unet_r34,semantic,1,2,unet_r34-f1-s2,pred_tread,0.3149583692219351,0.390625,0,128,-0.4384064013842148
unet_r34,semantic,1,2,unet_r34-f1-s2,pred_tyre,0.2946608946608946,0.375,0,128,-0.4587038759452553
unet_r34,semantic,1,3,unet_r34-f1-s3,full,0.7396825396825397,0.875,0,128,0.0
unet_r34,semantic,1,3,unet_r34-f1-s3,oracle_tread,1.0,1.0,0,128,0.2603174603174603
unet_r34,semantic,1,3,unet_r34-f1-s3,oracle_tyre,1.0,1.0,0,128,0.2603174603174603
unet_r34,semantic,1,3,unet_r34-f1-s3,pred_tread,0.9887863247863248,0.9921875,0,128,0.249103785103785
unet_r34,semantic,1,3,unet_r34-f1-s3,pred_tyre,0.9887863247863248,0.9921875,0,128,0.249103785103785
unet_r34,semantic,2,1,unet_r34-f2-s1,full,1.0,1.0,0,104,0.0
unet_r34,semantic,2,1,unet_r34-f2-s1,oracle_tread,1.0,1.0,0,104,0.0
unet_r34,semantic,2,1,unet_r34-f2-s1,oracle_tyre,1.0,1.0,0,104,0.0
unet_r34,semantic,2,1,unet_r34-f2-s1,pred_tread,1.0,1.0,0,104,0.0
unet_r34,semantic,2,1,unet_r34-f2-s1,pred_tyre,1.0,1.0,0,104,0.0
unet_r34,semantic,2,2,unet_r34-f2-s2,full,0.5,0.6153846153846154,0,104,0.0
unet_r34,semantic,2,2,unet_r34-f2-s2,oracle_tread,0.5,0.6153846153846154,0,104,0.0
unet_r34,semantic,2,2,unet_r34-f2-s2,oracle_tyre,0.5,0.6153846153846154,0,104,0.0
unet_r34,semantic,2,2,unet_r34-f2-s2,pred_tread,0.5,0.6153846153846154,0,104,0.0
unet_r34,semantic,2,2,unet_r34-f2-s2,pred_tyre,0.5,0.6153846153846154,0,104,0.0
unet_r34,semantic,2,3,unet_r34-f2-s3,full,1.0,1.0,0,104,0.0
unet_r34,semantic,2,3,unet_r34-f2-s3,oracle_tread,1.0,1.0,0,104,0.0
unet_r34,semantic,2,3,unet_r34-f2-s3,oracle_tyre,1.0,1.0,0,104,0.0
unet_r34,semantic,2,3,unet_r34-f2-s3,pred_tread,1.0,1.0,0,104,0.0
unet_r34,semantic,2,3,unet_r34-f2-s3,pred_tyre,1.0,1.0,0,104,0.0
deeplabv3plus_r34,semantic,0,1,deeplabv3plus_r34-f0-s1,full,1.0,1.0,0,186,0.0
deeplabv3plus_r34,semantic,0,1,deeplabv3plus_r34-f0-s1,oracle_tread,1.0,1.0,0,186,0.0
deeplabv3plus_r34,semantic,0,1,deeplabv3plus_r34-f0-s1,oracle_tyre,1.0,1.0,0,186,0.0
deeplabv3plus_r34,semantic,0,1,deeplabv3plus_r34-f0-s1,pred_tread,1.0,1.0,0,186,0.0
deeplabv3plus_r34,semantic,0,1,deeplabv3plus_r34-f0-s1,pred_tyre,1.0,1.0,0,186,0.0
deeplabv3plus_r34,semantic,0,2,deeplabv3plus_r34-f0-s2,full,1.0,1.0,0,186,0.0
deeplabv3plus_r34,semantic,0,2,deeplabv3plus_r34-f0-s2,oracle_tread,1.0,1.0,0,186,0.0
deeplabv3plus_r34,semantic,0,2,deeplabv3plus_r34-f0-s2,oracle_tyre,1.0,1.0,0,186,0.0
deeplabv3plus_r34,semantic,0,2,deeplabv3plus_r34-f0-s2,pred_tread,1.0,1.0,0,186,0.0
deeplabv3plus_r34,semantic,0,2,deeplabv3plus_r34-f0-s2,pred_tyre,1.0,1.0,0,186,0.0
deeplabv3plus_r34,semantic,0,3,deeplabv3plus_r34-f0-s3,full,1.0,1.0,0,186,0.0
deeplabv3plus_r34,semantic,0,3,deeplabv3plus_r34-f0-s3,oracle_tread,1.0,1.0,0,186,0.0
deeplabv3plus_r34,semantic,0,3,deeplabv3plus_r34-f0-s3,oracle_tyre,1.0,1.0,0,186,0.0
deeplabv3plus_r34,semantic,0,3,deeplabv3plus_r34-f0-s3,pred_tread,1.0,1.0,0,186,0.0
deeplabv3plus_r34,semantic,0,3,deeplabv3plus_r34-f0-s3,pred_tyre,1.0,1.0,0,186,0.0
deeplabv3plus_r34,semantic,1,1,deeplabv3plus_r34-f1-s1,full,0.6203703703703703,0.84375,0,128,0.0
deeplabv3plus_r34,semantic,1,1,deeplabv3plus_r34-f1-s1,oracle_tread,0.6203703703703703,0.84375,0,128,0.0
deeplabv3plus_r34,semantic,1,1,deeplabv3plus_r34-f1-s1,oracle_tyre,0.6203703703703703,0.84375,0,128,0.0
deeplabv3plus_r34,semantic,1,1,deeplabv3plus_r34-f1-s1,pred_tread,0.6203703703703703,0.84375,0,128,0.0
deeplabv3plus_r34,semantic,1,1,deeplabv3plus_r34-f1-s1,pred_tyre,0.6203703703703703,0.84375,0,128,0.0
deeplabv3plus_r34,semantic,1,2,deeplabv3plus_r34-f1-s2,full,0.7533647706061499,0.84375,0,128,0.0
deeplabv3plus_r34,semantic,1,2,deeplabv3plus_r34-f1-s2,oracle_tread,0.2843084047903325,0.3671875,0,128,-0.4690563658158174
deeplabv3plus_r34,semantic,1,2,deeplabv3plus_r34-f1-s2,oracle_tyre,0.3149583692219351,0.390625,0,128,-0.4384064013842148
deeplabv3plus_r34,semantic,1,2,deeplabv3plus_r34-f1-s2,pred_tread,0.3347627215551744,0.40625,0,128,-0.4186020490509755
deeplabv3plus_r34,semantic,1,2,deeplabv3plus_r34-f1-s2,pred_tyre,0.3149583692219351,0.390625,0,128,-0.4384064013842148
deeplabv3plus_r34,semantic,1,3,deeplabv3plus_r34-f1-s3,full,0.7396825396825397,0.875,0,128,0.0
deeplabv3plus_r34,semantic,1,3,deeplabv3plus_r34-f1-s3,oracle_tread,1.0,1.0,0,128,0.2603174603174603
deeplabv3plus_r34,semantic,1,3,deeplabv3plus_r34-f1-s3,oracle_tyre,1.0,1.0,0,128,0.2603174603174603
deeplabv3plus_r34,semantic,1,3,deeplabv3plus_r34-f1-s3,pred_tread,0.9878687620623104,0.9921875,0,128,0.2481862223797707
deeplabv3plus_r34,semantic,1,3,deeplabv3plus_r34-f1-s3,pred_tyre,0.977165135059872,0.984375,0,128,0.2374825953773321
deeplabv3plus_r34,semantic,2,1,deeplabv3plus_r34-f2-s1,full,1.0,1.0,0,104,0.0
deeplabv3plus_r34,semantic,2,1,deeplabv3plus_r34-f2-s1,oracle_tread,1.0,1.0,0,104,0.0
deeplabv3plus_r34,semantic,2,1,deeplabv3plus_r34-f2-s1,oracle_tyre,1.0,1.0,0,104,0.0
deeplabv3plus_r34,semantic,2,1,deeplabv3plus_r34-f2-s1,pred_tread,1.0,1.0,0,104,0.0
deeplabv3plus_r34,semantic,2,1,deeplabv3plus_r34-f2-s1,pred_tyre,1.0,1.0,0,104,0.0
deeplabv3plus_r34,semantic,2,2,deeplabv3plus_r34-f2-s2,full,0.5,0.6153846153846154,0,104,0.0
deeplabv3plus_r34,semantic,2,2,deeplabv3plus_r34-f2-s2,oracle_tread,0.5,0.6153846153846154,0,104,0.0
deeplabv3plus_r34,semantic,2,2,deeplabv3plus_r34-f2-s2,oracle_tyre,0.5,0.6153846153846154,0,104,0.0
deeplabv3plus_r34,semantic,2,2,deeplabv3plus_r34-f2-s2,pred_tread,0.569377990430622,0.6538461538461539,0,104,0.0693779904306219
deeplabv3plus_r34,semantic,2,2,deeplabv3plus_r34-f2-s2,pred_tyre,0.5,0.6153846153846154,0,104,0.0
deeplabv3plus_r34,semantic,2,3,deeplabv3plus_r34-f2-s3,full,1.0,1.0,0,104,0.0
deeplabv3plus_r34,semantic,2,3,deeplabv3plus_r34-f2-s3,oracle_tread,1.0,1.0,0,104,0.0
deeplabv3plus_r34,semantic,2,3,deeplabv3plus_r34-f2-s3,oracle_tyre,1.0,1.0,0,104,0.0
deeplabv3plus_r34,semantic,2,3,deeplabv3plus_r34-f2-s3,pred_tread,1.0,1.0,0,104,0.0
deeplabv3plus_r34,semantic,2,3,deeplabv3plus_r34-f2-s3,pred_tyre,1.0,1.0,0,104,0.0
segformer_b0,semantic,0,1,segformer_b0-f0-s1,full,1.0,1.0,0,186,0.0
segformer_b0,semantic,0,1,segformer_b0-f0-s1,oracle_tread,1.0,1.0,0,186,0.0
segformer_b0,semantic,0,1,segformer_b0-f0-s1,oracle_tyre,1.0,1.0,0,186,0.0
segformer_b0,semantic,0,1,segformer_b0-f0-s1,pred_tread,1.0,1.0,0,186,0.0
segformer_b0,semantic,0,1,segformer_b0-f0-s1,pred_tyre,1.0,1.0,0,186,0.0
segformer_b0,semantic,0,2,segformer_b0-f0-s2,full,1.0,1.0,0,186,0.0
segformer_b0,semantic,0,2,segformer_b0-f0-s2,oracle_tread,1.0,1.0,0,186,0.0
segformer_b0,semantic,0,2,segformer_b0-f0-s2,oracle_tyre,1.0,1.0,0,186,0.0
segformer_b0,semantic,0,2,segformer_b0-f0-s2,pred_tread,1.0,1.0,0,186,0.0
segformer_b0,semantic,0,2,segformer_b0-f0-s2,pred_tyre,1.0,1.0,0,186,0.0
segformer_b0,semantic,0,3,segformer_b0-f0-s3,full,1.0,1.0,0,186,0.0
segformer_b0,semantic,0,3,segformer_b0-f0-s3,oracle_tread,1.0,1.0,0,186,0.0
segformer_b0,semantic,0,3,segformer_b0-f0-s3,oracle_tyre,1.0,1.0,0,186,0.0
segformer_b0,semantic,0,3,segformer_b0-f0-s3,pred_tread,1.0,1.0,0,186,0.0
segformer_b0,semantic,0,3,segformer_b0-f0-s3,pred_tyre,1.0,1.0,0,186,0.0
segformer_b0,semantic,1,1,segformer_b0-f1-s1,full,0.6203703703703703,0.84375,0,128,0.0
segformer_b0,semantic,1,1,segformer_b0-f1-s1,oracle_tread,0.6203703703703703,0.84375,0,128,0.0
segformer_b0,semantic,1,1,segformer_b0-f1-s1,oracle_tyre,0.6203703703703703,0.84375,0,128,0.0
segformer_b0,semantic,1,1,segformer_b0-f1-s1,pred_tread,0.6203703703703703,0.84375,0,128,0.0
segformer_b0,semantic,1,1,segformer_b0-f1-s1,pred_tyre,0.6203703703703703,0.84375,0,128,0.0
segformer_b0,semantic,1,2,segformer_b0-f1-s2,full,0.7533647706061499,0.84375,0,128,0.0
segformer_b0,semantic,1,2,segformer_b0-f1-s2,oracle_tread,0.2843084047903325,0.3671875,0,128,-0.4690563658158174
segformer_b0,semantic,1,2,segformer_b0-f1-s2,oracle_tyre,0.3149583692219351,0.390625,0,128,-0.4384064013842148
segformer_b0,semantic,1,2,segformer_b0-f1-s2,pred_tread,0.3149583692219351,0.390625,0,128,-0.4384064013842148
segformer_b0,semantic,1,2,segformer_b0-f1-s2,pred_tyre,0.3054341463980018,0.3828125,0,128,-0.4479306242081481
segformer_b0,semantic,1,3,segformer_b0-f1-s3,full,0.7396825396825397,0.875,0,128,0.0
segformer_b0,semantic,1,3,segformer_b0-f1-s3,oracle_tread,1.0,1.0,0,128,0.2603174603174603
segformer_b0,semantic,1,3,segformer_b0-f1-s3,oracle_tyre,1.0,1.0,0,128,0.2603174603174603
segformer_b0,semantic,1,3,segformer_b0-f1-s3,pred_tread,1.0,1.0,0,128,0.2603174603174603
segformer_b0,semantic,1,3,segformer_b0-f1-s3,pred_tyre,1.0,1.0,0,128,0.2603174603174603
segformer_b0,semantic,2,1,segformer_b0-f2-s1,full,1.0,1.0,0,104,0.0
segformer_b0,semantic,2,1,segformer_b0-f2-s1,oracle_tread,1.0,1.0,0,104,0.0
segformer_b0,semantic,2,1,segformer_b0-f2-s1,oracle_tyre,1.0,1.0,0,104,0.0
segformer_b0,semantic,2,1,segformer_b0-f2-s1,pred_tread,1.0,1.0,0,104,0.0
segformer_b0,semantic,2,1,segformer_b0-f2-s1,pred_tyre,1.0,1.0,0,104,0.0
segformer_b0,semantic,2,2,segformer_b0-f2-s2,full,0.5,0.6153846153846154,0,104,0.0
segformer_b0,semantic,2,2,segformer_b0-f2-s2,oracle_tread,0.5,0.6153846153846154,0,104,0.0
segformer_b0,semantic,2,2,segformer_b0-f2-s2,oracle_tyre,0.5,0.6153846153846154,0,104,0.0
segformer_b0,semantic,2,2,segformer_b0-f2-s2,pred_tread,0.5,0.6153846153846154,0,104,0.0
segformer_b0,semantic,2,2,segformer_b0-f2-s2,pred_tyre,0.5530051344004833,0.6442307692307693,0,104,0.0530051344004832
segformer_b0,semantic,2,3,segformer_b0-f2-s3,full,1.0,1.0,0,104,0.0
segformer_b0,semantic,2,3,segformer_b0-f2-s3,oracle_tread,1.0,1.0,0,104,0.0
segformer_b0,semantic,2,3,segformer_b0-f2-s3,oracle_tyre,1.0,1.0,0,104,0.0
segformer_b0,semantic,2,3,segformer_b0-f2-s3,pred_tread,1.0,1.0,0,104,0.0
segformer_b0,semantic,2,3,segformer_b0-f2-s3,pred_tyre,1.0,1.0,0,104,0.0
segformer_b2,semantic,0,1,segformer_b2-f0-s1,full,1.0,1.0,0,186,0.0
segformer_b2,semantic,0,1,segformer_b2-f0-s1,oracle_tread,1.0,1.0,0,186,0.0
segformer_b2,semantic,0,1,segformer_b2-f0-s1,oracle_tyre,1.0,1.0,0,186,0.0
segformer_b2,semantic,0,1,segformer_b2-f0-s1,pred_tread,1.0,1.0,0,186,0.0
segformer_b2,semantic,0,1,segformer_b2-f0-s1,pred_tyre,1.0,1.0,0,186,0.0
segformer_b2,semantic,0,2,segformer_b2-f0-s2,full,1.0,1.0,0,186,0.0
segformer_b2,semantic,0,2,segformer_b2-f0-s2,oracle_tread,1.0,1.0,0,186,0.0
segformer_b2,semantic,0,2,segformer_b2-f0-s2,oracle_tyre,1.0,1.0,0,186,0.0
segformer_b2,semantic,0,2,segformer_b2-f0-s2,pred_tread,1.0,1.0,0,186,0.0
segformer_b2,semantic,0,2,segformer_b2-f0-s2,pred_tyre,1.0,1.0,0,186,0.0
segformer_b2,semantic,0,3,segformer_b2-f0-s3,full,1.0,1.0,0,186,0.0
segformer_b2,semantic,0,3,segformer_b2-f0-s3,oracle_tread,1.0,1.0,0,186,0.0
segformer_b2,semantic,0,3,segformer_b2-f0-s3,oracle_tyre,1.0,1.0,0,186,0.0
segformer_b2,semantic,0,3,segformer_b2-f0-s3,pred_tread,1.0,1.0,0,186,0.0
segformer_b2,semantic,0,3,segformer_b2-f0-s3,pred_tyre,1.0,1.0,0,186,0.0
segformer_b2,semantic,1,1,segformer_b2-f1-s1,full,0.6203703703703703,0.84375,0,128,0.0
segformer_b2,semantic,1,1,segformer_b2-f1-s1,oracle_tread,0.6203703703703703,0.84375,0,128,0.0
segformer_b2,semantic,1,1,segformer_b2-f1-s1,oracle_tyre,0.6203703703703703,0.84375,0,128,0.0
segformer_b2,semantic,1,1,segformer_b2-f1-s1,pred_tread,0.6203703703703703,0.84375,0,128,0.0
segformer_b2,semantic,1,1,segformer_b2-f1-s1,pred_tyre,0.6203703703703703,0.84375,0,128,0.0
segformer_b2,semantic,1,2,segformer_b2-f1-s2,full,0.7533647706061499,0.84375,0,128,0.0
segformer_b2,semantic,1,2,segformer_b2-f1-s2,oracle_tread,0.2843084047903325,0.3671875,0,128,-0.4690563658158174
segformer_b2,semantic,1,2,segformer_b2-f1-s2,oracle_tyre,0.3149583692219351,0.390625,0,128,-0.4384064013842148
segformer_b2,semantic,1,2,segformer_b2-f1-s2,pred_tread,0.3731173628871838,0.4375,0,128,-0.3802474077189661
segformer_b2,semantic,1,2,segformer_b2-f1-s2,pred_tyre,0.2946608946608946,0.375,0,128,-0.4587038759452553
segformer_b2,semantic,1,3,segformer_b2-f1-s3,full,0.7396825396825397,0.875,0,128,0.0
segformer_b2,semantic,1,3,segformer_b2-f1-s3,oracle_tread,1.0,1.0,0,128,0.2603174603174603
segformer_b2,semantic,1,3,segformer_b2-f1-s3,oracle_tyre,1.0,1.0,0,128,0.2603174603174603
segformer_b2,semantic,1,3,segformer_b2-f1-s3,pred_tread,0.9762052442935296,0.984375,0,128,0.2365227046109898
segformer_b2,semantic,1,3,segformer_b2-f1-s3,pred_tyre,0.9887863247863248,0.9921875,0,128,0.249103785103785
segformer_b2,semantic,2,1,segformer_b2-f2-s1,full,1.0,1.0,0,104,0.0
segformer_b2,semantic,2,1,segformer_b2-f2-s1,oracle_tread,1.0,1.0,0,104,0.0
segformer_b2,semantic,2,1,segformer_b2-f2-s1,oracle_tyre,1.0,1.0,0,104,0.0
segformer_b2,semantic,2,1,segformer_b2-f2-s1,pred_tread,1.0,1.0,0,104,0.0
segformer_b2,semantic,2,1,segformer_b2-f2-s1,pred_tyre,1.0,1.0,0,104,0.0
segformer_b2,semantic,2,2,segformer_b2-f2-s2,full,0.5,0.6153846153846154,0,104,0.0
segformer_b2,semantic,2,2,segformer_b2-f2-s2,oracle_tread,0.5,0.6153846153846154,0,104,0.0
segformer_b2,semantic,2,2,segformer_b2-f2-s2,oracle_tyre,0.5,0.6153846153846154,0,104,0.0
segformer_b2,semantic,2,2,segformer_b2-f2-s2,pred_tread,0.5,0.6153846153846154,0,104,0.0
segformer_b2,semantic,2,2,segformer_b2-f2-s2,pred_tyre,0.5,0.6153846153846154,0,104,0.0
segformer_b2,semantic,2,3,segformer_b2-f2-s3,full,1.0,1.0,0,104,0.0
segformer_b2,semantic,2,3,segformer_b2-f2-s3,oracle_tread,1.0,1.0,0,104,0.0
segformer_b2,semantic,2,3,segformer_b2-f2-s3,oracle_tyre,1.0,1.0,0,104,0.0
segformer_b2,semantic,2,3,segformer_b2-f2-s3,pred_tread,1.0,1.0,0,104,0.0
segformer_b2,semantic,2,3,segformer_b2-f2-s3,pred_tyre,1.0,1.0,0,104,0.0
yolo26n_det,yolo,0,1,yolo26n_det-f0-s1,full,1.0,1.0,0,186,0.0
yolo26n_det,yolo,0,1,yolo26n_det-f0-s1,oracle_tread,1.0,1.0,0,186,0.0
yolo26n_det,yolo,0,1,yolo26n_det-f0-s1,oracle_tyre,1.0,1.0,0,186,0.0
yolo26n_det,yolo,0,1,yolo26n_det-f0-s1,pred_tread,1.0,1.0,3,186,0.0
yolo26n_det,yolo,0,1,yolo26n_det-f0-s1,pred_tyre,1.0,1.0,16,186,0.0
yolo26n_det,yolo,0,2,yolo26n_det-f0-s2,full,1.0,1.0,0,186,0.0
yolo26n_det,yolo,0,2,yolo26n_det-f0-s2,oracle_tread,1.0,1.0,0,186,0.0
yolo26n_det,yolo,0,2,yolo26n_det-f0-s2,oracle_tyre,1.0,1.0,0,186,0.0
yolo26n_det,yolo,0,2,yolo26n_det-f0-s2,pred_tread,1.0,1.0,3,186,0.0
yolo26n_det,yolo,0,2,yolo26n_det-f0-s2,pred_tyre,1.0,1.0,0,186,0.0
yolo26n_det,yolo,0,3,yolo26n_det-f0-s3,full,1.0,1.0,0,186,0.0
yolo26n_det,yolo,0,3,yolo26n_det-f0-s3,oracle_tread,1.0,1.0,0,186,0.0
yolo26n_det,yolo,0,3,yolo26n_det-f0-s3,oracle_tyre,1.0,1.0,0,186,0.0
yolo26n_det,yolo,0,3,yolo26n_det-f0-s3,pred_tread,1.0,1.0,47,186,0.0
yolo26n_det,yolo,0,3,yolo26n_det-f0-s3,pred_tyre,1.0,1.0,11,186,0.0
yolo26n_det,yolo,1,1,yolo26n_det-f1-s1,full,0.6203703703703703,0.84375,0,128,0.0
yolo26n_det,yolo,1,1,yolo26n_det-f1-s1,oracle_tread,0.6203703703703703,0.84375,0,128,0.0
yolo26n_det,yolo,1,1,yolo26n_det-f1-s1,oracle_tyre,0.6203703703703703,0.84375,0,128,0.0
yolo26n_det,yolo,1,1,yolo26n_det-f1-s1,pred_tread,0.6203703703703703,0.84375,8,128,0.0
yolo26n_det,yolo,1,1,yolo26n_det-f1-s1,pred_tyre,0.6203703703703703,0.84375,34,128,0.0
yolo26n_det,yolo,1,2,yolo26n_det-f1-s2,full,0.7533647706061499,0.84375,0,128,0.0
yolo26n_det,yolo,1,2,yolo26n_det-f1-s2,oracle_tread,0.2843084047903325,0.3671875,0,128,-0.4690563658158174
yolo26n_det,yolo,1,2,yolo26n_det-f1-s2,oracle_tyre,0.3149583692219351,0.390625,0,128,-0.4384064013842148
yolo26n_det,yolo,1,2,yolo26n_det-f1-s2,pred_tread,0.3824834096312857,0.4453125,3,128,-0.3708813609748642
yolo26n_det,yolo,1,2,yolo26n_det-f1-s2,pred_tyre,0.3149583692219351,0.390625,0,128,-0.4384064013842148
yolo26n_det,yolo,1,3,yolo26n_det-f1-s3,full,0.7396825396825397,0.875,0,128,0.0
yolo26n_det,yolo,1,3,yolo26n_det-f1-s3,oracle_tread,1.0,1.0,0,128,0.2603174603174603
yolo26n_det,yolo,1,3,yolo26n_det-f1-s3,oracle_tyre,1.0,1.0,0,128,0.2603174603174603
yolo26n_det,yolo,1,3,yolo26n_det-f1-s3,pred_tread,1.0,1.0,22,128,0.2603174603174603
yolo26n_det,yolo,1,3,yolo26n_det-f1-s3,pred_tyre,1.0,1.0,0,128,0.2603174603174603
yolo26n_det,yolo,2,1,yolo26n_det-f2-s1,full,1.0,1.0,0,104,0.0
yolo26n_det,yolo,2,1,yolo26n_det-f2-s1,oracle_tread,1.0,1.0,0,104,0.0
yolo26n_det,yolo,2,1,yolo26n_det-f2-s1,oracle_tyre,1.0,1.0,0,104,0.0
yolo26n_det,yolo,2,1,yolo26n_det-f2-s1,pred_tread,1.0,1.0,17,104,0.0
yolo26n_det,yolo,2,1,yolo26n_det-f2-s1,pred_tyre,1.0,1.0,1,104,0.0
yolo26n_det,yolo,2,2,yolo26n_det-f2-s2,full,0.5,0.6153846153846154,0,104,0.0
yolo26n_det,yolo,2,2,yolo26n_det-f2-s2,oracle_tread,0.5,0.6153846153846154,0,104,0.0
yolo26n_det,yolo,2,2,yolo26n_det-f2-s2,oracle_tyre,0.5,0.6153846153846154,0,104,0.0
yolo26n_det,yolo,2,2,yolo26n_det-f2-s2,pred_tread,0.5,0.6153846153846154,18,104,0.0
yolo26n_det,yolo,2,2,yolo26n_det-f2-s2,pred_tyre,0.569377990430622,0.6538461538461539,0,104,0.0693779904306219
yolo26n_det,yolo,2,3,yolo26n_det-f2-s3,full,1.0,1.0,0,104,0.0
yolo26n_det,yolo,2,3,yolo26n_det-f2-s3,oracle_tread,1.0,1.0,0,104,0.0
yolo26n_det,yolo,2,3,yolo26n_det-f2-s3,oracle_tyre,1.0,1.0,0,104,0.0
yolo26n_det,yolo,2,3,yolo26n_det-f2-s3,pred_tread,1.0,1.0,22,104,0.0
yolo26n_det,yolo,2,3,yolo26n_det-f2-s3,pred_tyre,1.0,1.0,2,104,0.0
yolo26s_det,yolo,0,1,yolo26s_det-f0-s1,full,1.0,1.0,0,186,0.0
yolo26s_det,yolo,0,1,yolo26s_det-f0-s1,oracle_tread,1.0,1.0,0,186,0.0
yolo26s_det,yolo,0,1,yolo26s_det-f0-s1,oracle_tyre,1.0,1.0,0,186,0.0
yolo26s_det,yolo,0,1,yolo26s_det-f0-s1,pred_tread,1.0,1.0,10,186,0.0
yolo26s_det,yolo,0,1,yolo26s_det-f0-s1,pred_tyre,1.0,1.0,7,186,0.0
yolo26s_det,yolo,0,2,yolo26s_det-f0-s2,full,1.0,1.0,0,186,0.0
yolo26s_det,yolo,0,2,yolo26s_det-f0-s2,oracle_tread,1.0,1.0,0,186,0.0
yolo26s_det,yolo,0,2,yolo26s_det-f0-s2,oracle_tyre,1.0,1.0,0,186,0.0
yolo26s_det,yolo,0,2,yolo26s_det-f0-s2,pred_tread,1.0,1.0,0,186,0.0
yolo26s_det,yolo,0,2,yolo26s_det-f0-s2,pred_tyre,1.0,1.0,0,186,0.0
yolo26s_det,yolo,0,3,yolo26s_det-f0-s3,full,1.0,1.0,0,186,0.0
yolo26s_det,yolo,0,3,yolo26s_det-f0-s3,oracle_tread,1.0,1.0,0,186,0.0
yolo26s_det,yolo,0,3,yolo26s_det-f0-s3,oracle_tyre,1.0,1.0,0,186,0.0
yolo26s_det,yolo,0,3,yolo26s_det-f0-s3,pred_tread,1.0,1.0,0,186,0.0
yolo26s_det,yolo,0,3,yolo26s_det-f0-s3,pred_tyre,1.0,1.0,0,186,0.0
yolo26s_det,yolo,1,1,yolo26s_det-f1-s1,full,0.6203703703703703,0.84375,0,128,0.0
yolo26s_det,yolo,1,1,yolo26s_det-f1-s1,oracle_tread,0.6203703703703703,0.84375,0,128,0.0
yolo26s_det,yolo,1,1,yolo26s_det-f1-s1,oracle_tyre,0.6203703703703703,0.84375,0,128,0.0
yolo26s_det,yolo,1,1,yolo26s_det-f1-s1,pred_tread,0.6203703703703703,0.84375,0,128,0.0
yolo26s_det,yolo,1,1,yolo26s_det-f1-s1,pred_tyre,0.6203703703703703,0.84375,0,128,0.0
yolo26s_det,yolo,1,2,yolo26s_det-f1-s2,full,0.7533647706061499,0.84375,0,128,0.0
yolo26s_det,yolo,1,2,yolo26s_det-f1-s2,oracle_tread,0.2843084047903325,0.3671875,0,128,-0.4690563658158174
yolo26s_det,yolo,1,2,yolo26s_det-f1-s2,oracle_tyre,0.3149583692219351,0.390625,0,128,-0.4384064013842148
yolo26s_det,yolo,1,2,yolo26s_det-f1-s2,pred_tread,0.4437946718648473,0.5,16,128,-0.3095700987413026
yolo26s_det,yolo,1,2,yolo26s_det-f1-s2,pred_tyre,0.367169044345038,0.4296875,8,128,-0.3861957262611119
yolo26s_det,yolo,1,3,yolo26s_det-f1-s3,full,0.7396825396825397,0.875,0,128,0.0
yolo26s_det,yolo,1,3,yolo26s_det-f1-s3,oracle_tread,1.0,1.0,0,128,0.2603174603174603
yolo26s_det,yolo,1,3,yolo26s_det-f1-s3,oracle_tyre,1.0,1.0,0,128,0.2603174603174603
yolo26s_det,yolo,1,3,yolo26s_det-f1-s3,pred_tread,0.9887863247863248,0.9921875,1,128,0.249103785103785
yolo26s_det,yolo,1,3,yolo26s_det-f1-s3,pred_tyre,1.0,1.0,0,128,0.2603174603174603
yolo26s_det,yolo,2,1,yolo26s_det-f2-s1,full,1.0,1.0,0,104,0.0
yolo26s_det,yolo,2,1,yolo26s_det-f2-s1,oracle_tread,1.0,1.0,0,104,0.0
yolo26s_det,yolo,2,1,yolo26s_det-f2-s1,oracle_tyre,1.0,1.0,0,104,0.0
yolo26s_det,yolo,2,1,yolo26s_det-f2-s1,pred_tread,1.0,1.0,0,104,0.0
yolo26s_det,yolo,2,1,yolo26s_det-f2-s1,pred_tyre,1.0,1.0,0,104,0.0
yolo26s_det,yolo,2,2,yolo26s_det-f2-s2,full,0.5,0.6153846153846154,0,104,0.0
yolo26s_det,yolo,2,2,yolo26s_det-f2-s2,oracle_tread,0.5,0.6153846153846154,0,104,0.0
yolo26s_det,yolo,2,2,yolo26s_det-f2-s2,oracle_tyre,0.5,0.6153846153846154,0,104,0.0
yolo26s_det,yolo,2,2,yolo26s_det-f2-s2,pred_tread,0.5,0.6153846153846154,0,104,0.0
yolo26s_det,yolo,2,2,yolo26s_det-f2-s2,pred_tyre,0.5,0.6153846153846154,0,104,0.0
yolo26s_det,yolo,2,3,yolo26s_det-f2-s3,full,1.0,1.0,0,104,0.0
yolo26s_det,yolo,2,3,yolo26s_det-f2-s3,oracle_tread,1.0,1.0,0,104,0.0
yolo26s_det,yolo,2,3,yolo26s_det-f2-s3,oracle_tyre,1.0,1.0,0,104,0.0
yolo26s_det,yolo,2,3,yolo26s_det-f2-s3,pred_tread,1.0,1.0,0,104,0.0
yolo26s_det,yolo,2,3,yolo26s_det-f2-s3,pred_tyre,1.0,1.0,0,104,0.0
yolo26n_seg,yolo,0,1,yolo26n_seg-f0-s1,full,1.0,1.0,0,186,0.0
yolo26n_seg,yolo,0,1,yolo26n_seg-f0-s1,oracle_tread,1.0,1.0,0,186,0.0
yolo26n_seg,yolo,0,1,yolo26n_seg-f0-s1,oracle_tyre,1.0,1.0,0,186,0.0
yolo26n_seg,yolo,0,1,yolo26n_seg-f0-s1,pred_tread,1.0,1.0,13,186,0.0
yolo26n_seg,yolo,0,1,yolo26n_seg-f0-s1,pred_tyre,1.0,1.0,11,186,0.0
yolo26n_seg,yolo,0,2,yolo26n_seg-f0-s2,full,1.0,1.0,0,186,0.0
yolo26n_seg,yolo,0,2,yolo26n_seg-f0-s2,oracle_tread,1.0,1.0,0,186,0.0
yolo26n_seg,yolo,0,2,yolo26n_seg-f0-s2,oracle_tyre,1.0,1.0,0,186,0.0
yolo26n_seg,yolo,0,2,yolo26n_seg-f0-s2,pred_tread,1.0,1.0,4,186,0.0
yolo26n_seg,yolo,0,2,yolo26n_seg-f0-s2,pred_tyre,1.0,1.0,1,186,0.0
yolo26n_seg,yolo,0,3,yolo26n_seg-f0-s3,full,1.0,1.0,0,186,0.0
yolo26n_seg,yolo,0,3,yolo26n_seg-f0-s3,oracle_tread,1.0,1.0,0,186,0.0
yolo26n_seg,yolo,0,3,yolo26n_seg-f0-s3,oracle_tyre,1.0,1.0,0,186,0.0
yolo26n_seg,yolo,0,3,yolo26n_seg-f0-s3,pred_tread,1.0,1.0,23,186,0.0
yolo26n_seg,yolo,0,3,yolo26n_seg-f0-s3,pred_tyre,1.0,1.0,4,186,0.0
yolo26n_seg,yolo,1,1,yolo26n_seg-f1-s1,full,0.6203703703703703,0.84375,0,128,0.0
yolo26n_seg,yolo,1,1,yolo26n_seg-f1-s1,oracle_tread,0.6203703703703703,0.84375,0,128,0.0
yolo26n_seg,yolo,1,1,yolo26n_seg-f1-s1,oracle_tyre,0.6203703703703703,0.84375,0,128,0.0
yolo26n_seg,yolo,1,1,yolo26n_seg-f1-s1,pred_tread,0.6203703703703703,0.84375,3,128,0.0
yolo26n_seg,yolo,1,1,yolo26n_seg-f1-s1,pred_tyre,0.6203703703703703,0.84375,31,128,0.0
yolo26n_seg,yolo,1,2,yolo26n_seg-f1-s2,full,0.7533647706061499,0.84375,0,128,0.0
yolo26n_seg,yolo,1,2,yolo26n_seg-f1-s2,oracle_tread,0.2843084047903325,0.3671875,0,128,-0.4690563658158174
yolo26n_seg,yolo,1,2,yolo26n_seg-f1-s2,oracle_tyre,0.3149583692219351,0.390625,0,128,-0.4384064013842148
yolo26n_seg,yolo,1,2,yolo26n_seg-f1-s2,pred_tread,0.4878542510121457,0.53125,14,128,-0.2655105195940042
yolo26n_seg,yolo,1,2,yolo26n_seg-f1-s2,pred_tyre,0.3249185376159272,0.3984375,0,128,-0.4284462329902227
yolo26n_seg,yolo,1,3,yolo26n_seg-f1-s3,full,0.7396825396825397,0.875,0,128,0.0
yolo26n_seg,yolo,1,3,yolo26n_seg-f1-s3,oracle_tread,1.0,1.0,0,128,0.2603174603174603
yolo26n_seg,yolo,1,3,yolo26n_seg-f1-s3,oracle_tyre,1.0,1.0,0,128,0.2603174603174603
yolo26n_seg,yolo,1,3,yolo26n_seg-f1-s3,pred_tread,0.9394610557401256,0.9609375,23,128,0.1997785160575858
yolo26n_seg,yolo,1,3,yolo26n_seg-f1-s3,pred_tyre,1.0,1.0,0,128,0.2603174603174603
yolo26n_seg,yolo,2,1,yolo26n_seg-f2-s1,full,1.0,1.0,0,104,0.0
yolo26n_seg,yolo,2,1,yolo26n_seg-f2-s1,oracle_tread,1.0,1.0,0,104,0.0
yolo26n_seg,yolo,2,1,yolo26n_seg-f2-s1,oracle_tyre,1.0,1.0,0,104,0.0
yolo26n_seg,yolo,2,1,yolo26n_seg-f2-s1,pred_tread,1.0,1.0,6,104,0.0
yolo26n_seg,yolo,2,1,yolo26n_seg-f2-s1,pred_tyre,1.0,1.0,15,104,0.0
yolo26n_seg,yolo,2,2,yolo26n_seg-f2-s2,full,0.5,0.6153846153846154,0,104,0.0
yolo26n_seg,yolo,2,2,yolo26n_seg-f2-s2,oracle_tread,0.5,0.6153846153846154,0,104,0.0
yolo26n_seg,yolo,2,2,yolo26n_seg-f2-s2,oracle_tyre,0.5,0.6153846153846154,0,104,0.0
yolo26n_seg,yolo,2,2,yolo26n_seg-f2-s2,pred_tread,0.569377990430622,0.6538461538461539,0,104,0.0693779904306219
yolo26n_seg,yolo,2,2,yolo26n_seg-f2-s2,pred_tyre,0.5530051344004833,0.6442307692307693,0,104,0.0530051344004832
yolo26n_seg,yolo,2,3,yolo26n_seg-f2-s3,full,1.0,1.0,0,104,0.0
yolo26n_seg,yolo,2,3,yolo26n_seg-f2-s3,oracle_tread,1.0,1.0,0,104,0.0
yolo26n_seg,yolo,2,3,yolo26n_seg-f2-s3,oracle_tyre,1.0,1.0,0,104,0.0
yolo26n_seg,yolo,2,3,yolo26n_seg-f2-s3,pred_tread,1.0,1.0,13,104,0.0
yolo26n_seg,yolo,2,3,yolo26n_seg-f2-s3,pred_tyre,1.0,1.0,0,104,0.0
yolo26s_seg,yolo,0,1,yolo26s_seg-f0-s1,full,1.0,1.0,0,186,0.0
yolo26s_seg,yolo,0,1,yolo26s_seg-f0-s1,oracle_tread,1.0,1.0,0,186,0.0
yolo26s_seg,yolo,0,1,yolo26s_seg-f0-s1,oracle_tyre,1.0,1.0,0,186,0.0
yolo26s_seg,yolo,0,1,yolo26s_seg-f0-s1,pred_tread,1.0,1.0,0,186,0.0
yolo26s_seg,yolo,0,1,yolo26s_seg-f0-s1,pred_tyre,1.0,1.0,0,186,0.0
yolo26s_seg,yolo,0,2,yolo26s_seg-f0-s2,full,1.0,1.0,0,186,0.0
yolo26s_seg,yolo,0,2,yolo26s_seg-f0-s2,oracle_tread,1.0,1.0,0,186,0.0
yolo26s_seg,yolo,0,2,yolo26s_seg-f0-s2,oracle_tyre,1.0,1.0,0,186,0.0
yolo26s_seg,yolo,0,2,yolo26s_seg-f0-s2,pred_tread,1.0,1.0,0,186,0.0
yolo26s_seg,yolo,0,2,yolo26s_seg-f0-s2,pred_tyre,1.0,1.0,0,186,0.0
yolo26s_seg,yolo,0,3,yolo26s_seg-f0-s3,full,1.0,1.0,0,186,0.0
yolo26s_seg,yolo,0,3,yolo26s_seg-f0-s3,oracle_tread,1.0,1.0,0,186,0.0
yolo26s_seg,yolo,0,3,yolo26s_seg-f0-s3,oracle_tyre,1.0,1.0,0,186,0.0
yolo26s_seg,yolo,0,3,yolo26s_seg-f0-s3,pred_tread,1.0,1.0,0,186,0.0
yolo26s_seg,yolo,0,3,yolo26s_seg-f0-s3,pred_tyre,1.0,1.0,0,186,0.0
yolo26s_seg,yolo,1,1,yolo26s_seg-f1-s1,full,0.6203703703703703,0.84375,0,128,0.0
yolo26s_seg,yolo,1,1,yolo26s_seg-f1-s1,oracle_tread,0.6203703703703703,0.84375,0,128,0.0
yolo26s_seg,yolo,1,1,yolo26s_seg-f1-s1,oracle_tyre,0.6203703703703703,0.84375,0,128,0.0
yolo26s_seg,yolo,1,1,yolo26s_seg-f1-s1,pred_tread,0.6203703703703703,0.84375,2,128,0.0
yolo26s_seg,yolo,1,1,yolo26s_seg-f1-s1,pred_tyre,0.6203703703703703,0.84375,0,128,0.0
yolo26s_seg,yolo,1,2,yolo26s_seg-f1-s2,full,0.7533647706061499,0.84375,0,128,0.0
yolo26s_seg,yolo,1,2,yolo26s_seg-f1-s2,oracle_tread,0.2843084047903325,0.3671875,0,128,-0.4690563658158174
yolo26s_seg,yolo,1,2,yolo26s_seg-f1-s2,oracle_tyre,0.3149583692219351,0.390625,0,128,-0.4384064013842148
yolo26s_seg,yolo,1,2,yolo26s_seg-f1-s2,pred_tread,0.5443711208187461,0.6015625,39,128,-0.2089936497874038
yolo26s_seg,yolo,1,2,yolo26s_seg-f1-s2,pred_tyre,0.325905176885569,0.3984375,2,128,-0.4274595937205809
yolo26s_seg,yolo,1,3,yolo26s_seg-f1-s3,full,0.7396825396825397,0.875,0,128,0.0
yolo26s_seg,yolo,1,3,yolo26s_seg-f1-s3,oracle_tread,1.0,1.0,0,128,0.2603174603174603
yolo26s_seg,yolo,1,3,yolo26s_seg-f1-s3,oracle_tyre,1.0,1.0,0,128,0.2603174603174603
yolo26s_seg,yolo,1,3,yolo26s_seg-f1-s3,pred_tread,0.9887863247863248,0.9921875,0,128,0.249103785103785
yolo26s_seg,yolo,1,3,yolo26s_seg-f1-s3,pred_tyre,1.0,1.0,0,128,0.2603174603174603
yolo26s_seg,yolo,2,1,yolo26s_seg-f2-s1,full,1.0,1.0,0,104,0.0
yolo26s_seg,yolo,2,1,yolo26s_seg-f2-s1,oracle_tread,1.0,1.0,0,104,0.0
yolo26s_seg,yolo,2,1,yolo26s_seg-f2-s1,oracle_tyre,1.0,1.0,0,104,0.0
yolo26s_seg,yolo,2,1,yolo26s_seg-f2-s1,pred_tread,1.0,1.0,0,104,0.0
yolo26s_seg,yolo,2,1,yolo26s_seg-f2-s1,pred_tyre,1.0,1.0,0,104,0.0
yolo26s_seg,yolo,2,2,yolo26s_seg-f2-s2,full,0.5,0.6153846153846154,0,104,0.0
yolo26s_seg,yolo,2,2,yolo26s_seg-f2-s2,oracle_tread,0.5,0.6153846153846154,0,104,0.0
yolo26s_seg,yolo,2,2,yolo26s_seg-f2-s2,oracle_tyre,0.5,0.6153846153846154,0,104,0.0
yolo26s_seg,yolo,2,2,yolo26s_seg-f2-s2,pred_tread,0.5,0.6153846153846154,7,104,0.0
yolo26s_seg,yolo,2,2,yolo26s_seg-f2-s2,pred_tyre,0.5,0.6153846153846154,0,104,0.0
yolo26s_seg,yolo,2,3,yolo26s_seg-f2-s3,full,1.0,1.0,0,104,0.0
yolo26s_seg,yolo,2,3,yolo26s_seg-f2-s3,oracle_tread,1.0,1.0,0,104,0.0
yolo26s_seg,yolo,2,3,yolo26s_seg-f2-s3,oracle_tyre,1.0,1.0,0,104,0.0
yolo26s_seg,yolo,2,3,yolo26s_seg-f2-s3,pred_tread,1.0,1.0,0,104,0.0
yolo26s_seg,yolo,2,3,yolo26s_seg-f2-s3,pred_tyre,1.0,1.0,2,104,0.0
rtdetrv2_r18,rtdetr,0,1,rtdetrv2_r18-f0-s1,full,1.0,1.0,0,186,0.0
rtdetrv2_r18,rtdetr,0,1,rtdetrv2_r18-f0-s1,oracle_tread,1.0,1.0,0,186,0.0
rtdetrv2_r18,rtdetr,0,1,rtdetrv2_r18-f0-s1,oracle_tyre,1.0,1.0,0,186,0.0
rtdetrv2_r18,rtdetr,0,1,rtdetrv2_r18-f0-s1,pred_tread,1.0,1.0,186,186,0.0
rtdetrv2_r18,rtdetr,0,1,rtdetrv2_r18-f0-s1,pred_tyre,1.0,1.0,0,186,0.0
rtdetrv2_r18,rtdetr,0,2,rtdetrv2_r18-f0-s2,full,1.0,1.0,0,186,0.0
rtdetrv2_r18,rtdetr,0,2,rtdetrv2_r18-f0-s2,oracle_tread,1.0,1.0,0,186,0.0
rtdetrv2_r18,rtdetr,0,2,rtdetrv2_r18-f0-s2,oracle_tyre,1.0,1.0,0,186,0.0
rtdetrv2_r18,rtdetr,0,2,rtdetrv2_r18-f0-s2,pred_tread,1.0,1.0,0,186,0.0
rtdetrv2_r18,rtdetr,0,2,rtdetrv2_r18-f0-s2,pred_tyre,1.0,1.0,185,186,0.0
rtdetrv2_r18,rtdetr,0,3,rtdetrv2_r18-f0-s3,full,1.0,1.0,0,186,0.0
rtdetrv2_r18,rtdetr,0,3,rtdetrv2_r18-f0-s3,oracle_tread,1.0,1.0,0,186,0.0
rtdetrv2_r18,rtdetr,0,3,rtdetrv2_r18-f0-s3,oracle_tyre,1.0,1.0,0,186,0.0
rtdetrv2_r18,rtdetr,0,3,rtdetrv2_r18-f0-s3,pred_tread,1.0,1.0,0,186,0.0
rtdetrv2_r18,rtdetr,0,3,rtdetrv2_r18-f0-s3,pred_tyre,1.0,1.0,186,186,0.0
rtdetrv2_r18,rtdetr,1,1,rtdetrv2_r18-f1-s1,full,0.6203703703703703,0.84375,0,128,0.0
rtdetrv2_r18,rtdetr,1,1,rtdetrv2_r18-f1-s1,oracle_tread,0.6203703703703703,0.84375,0,128,0.0
rtdetrv2_r18,rtdetr,1,1,rtdetrv2_r18-f1-s1,oracle_tyre,0.6203703703703703,0.84375,0,128,0.0
rtdetrv2_r18,rtdetr,1,1,rtdetrv2_r18-f1-s1,pred_tread,0.6203703703703703,0.84375,128,128,0.0
rtdetrv2_r18,rtdetr,1,1,rtdetrv2_r18-f1-s1,pred_tyre,0.6203703703703703,0.84375,0,128,0.0
rtdetrv2_r18,rtdetr,1,2,rtdetrv2_r18-f1-s2,full,0.7533647706061499,0.84375,0,128,0.0
rtdetrv2_r18,rtdetr,1,2,rtdetrv2_r18-f1-s2,oracle_tread,0.2843084047903325,0.3671875,0,128,-0.4690563658158174
rtdetrv2_r18,rtdetr,1,2,rtdetrv2_r18-f1-s2,oracle_tyre,0.3149583692219351,0.390625,0,128,-0.4384064013842148
rtdetrv2_r18,rtdetr,1,2,rtdetrv2_r18-f1-s2,pred_tread,0.3048749775139414,0.3828125,0,128,-0.4484897930922085
rtdetrv2_r18,rtdetr,1,2,rtdetrv2_r18-f1-s2,pred_tyre,0.7462623158275332,0.8359375,127,128,-0.0071024547786167
rtdetrv2_r18,rtdetr,1,3,rtdetrv2_r18-f1-s3,full,0.7396825396825397,0.875,0,128,0.0
rtdetrv2_r18,rtdetr,1,3,rtdetrv2_r18-f1-s3,oracle_tread,1.0,1.0,0,128,0.2603174603174603
rtdetrv2_r18,rtdetr,1,3,rtdetrv2_r18-f1-s3,oracle_tyre,1.0,1.0,0,128,0.2603174603174603
rtdetrv2_r18,rtdetr,1,3,rtdetrv2_r18-f1-s3,pred_tread,0.7396825396825397,0.875,128,128,0.0
rtdetrv2_r18,rtdetr,1,3,rtdetrv2_r18-f1-s3,pred_tyre,1.0,1.0,0,128,0.2603174603174603
rtdetrv2_r18,rtdetr,2,1,rtdetrv2_r18-f2-s1,full,1.0,1.0,0,104,0.0
rtdetrv2_r18,rtdetr,2,1,rtdetrv2_r18-f2-s1,oracle_tread,1.0,1.0,0,104,0.0
rtdetrv2_r18,rtdetr,2,1,rtdetrv2_r18-f2-s1,oracle_tyre,1.0,1.0,0,104,0.0
rtdetrv2_r18,rtdetr,2,1,rtdetrv2_r18-f2-s1,pred_tread,1.0,1.0,0,104,0.0
rtdetrv2_r18,rtdetr,2,1,rtdetrv2_r18-f2-s1,pred_tyre,1.0,1.0,0,104,0.0
rtdetrv2_r18,rtdetr,2,2,rtdetrv2_r18-f2-s2,full,0.5,0.6153846153846154,0,104,0.0
rtdetrv2_r18,rtdetr,2,2,rtdetrv2_r18-f2-s2,oracle_tread,0.5,0.6153846153846154,0,104,0.0
rtdetrv2_r18,rtdetr,2,2,rtdetrv2_r18-f2-s2,oracle_tyre,0.5,0.6153846153846154,0,104,0.0
rtdetrv2_r18,rtdetr,2,2,rtdetrv2_r18-f2-s2,pred_tread,0.5,0.6153846153846154,0,104,0.0
rtdetrv2_r18,rtdetr,2,2,rtdetrv2_r18-f2-s2,pred_tyre,0.5,0.6153846153846154,104,104,0.0
rtdetrv2_r18,rtdetr,2,3,rtdetrv2_r18-f2-s3,full,1.0,1.0,0,104,0.0
rtdetrv2_r18,rtdetr,2,3,rtdetrv2_r18-f2-s3,oracle_tread,1.0,1.0,0,104,0.0
rtdetrv2_r18,rtdetr,2,3,rtdetrv2_r18-f2-s3,oracle_tyre,1.0,1.0,0,104,0.0
rtdetrv2_r18,rtdetr,2,3,rtdetrv2_r18-f2-s3,pred_tread,1.0,1.0,0,104,0.0
rtdetrv2_r18,rtdetr,2,3,rtdetrv2_r18-f2-s3,pred_tyre,1.0,1.0,104,104,0.0
